<?xml version="1.0" encoding="UTF-8"?>
<GenRun Id="clk_wiz_0_synth_1" LaunchPart="xc7z010clg400-1" LaunchTime="1491041626">
  <File Type="RDS-PROPCONSTRS" Name="clk_wiz_0_drc_synth.rpt"/>
  <File Type="PA-TCL" Name="clk_wiz_0.tcl"/>
  <File Type="RDS-RDS" Name="clk_wiz_0.vds"/>
  <File Type="RDS-UTIL" Name="clk_wiz_0_utilization_synth.rpt"/>
  <File Type="RDS-UTIL-PB" Name="clk_wiz_0_utilization_synth.pb"/>
  <File Type="RDS-DCP" Name="clk_wiz_0.dcp"/>
  <File Type="VDS-TIMINGSUMMARY" Name="clk_wiz_0_timing_summary_synth.rpt"/>
  <File Type="VDS-TIMING-PB" Name="clk_wiz_0_timing_summary_synth.pb"/>
  <FileSet Name="sources" Type="BlockSrcs" RelSrcDir="$PSRCDIR/clk_wiz_0">
    <File Path="$PPRDIR/../../../../../Isuru Rathnayaka/Documents/Semester 8/ADSL/SoC Project/Block Design/blaze_1/blaze_1.srcs/sources_1/bd/design_1/ip/design_1_microblaze_0_0/clk_wiz_0_1/clk_wiz_0.xci">
      <FileInfo>
        <Attr Name="UsedIn" Val="synthesis"/>
        <Attr Name="UsedIn" Val="implementation"/>
        <Attr Name="UsedIn" Val="simulation"/>
      </FileInfo>
    </File>
    <Config>
      <Option Name="TopModule" Val="clk_wiz_0"/>
      <Option Name="UseBlackboxStub" Val="1"/>
    </Config>
  </FileSet>
  <FileSet Name="constrs_in" Type="BlockSrcs" RelSrcDir="$PSRCDIR/clk_wiz_0">
    <File Path="$PPRDIR/../../../../../Isuru Rathnayaka/Documents/Semester 8/ADSL/SoC Project/Block Design/blaze_1/blaze_1.srcs/sources_1/bd/design_1/ip/design_1_microblaze_0_0/clk_wiz_0_1/clk_wiz_0.xci">
      <FileInfo>
        <Attr Name="UsedIn" Val="synthesis"/>
        <Attr Name="UsedIn" Val="implementation"/>
        <Attr Name="UsedIn" Val="simulation"/>
      </FileInfo>
    </File>
    <Config>
      <Option Name="TopModule" Val="clk_wiz_0"/>
      <Option Name="UseBlackboxStub" Val="1"/>
    </Config>
  </FileSet>
  <Strategy Version="1" Minor="2">
    <StratHandle Name="Vivado Synthesis Defaults" Flow="Vivado Synthesis 2016"/>
    <Step Id="synth_design"/>
  </Strategy>
</GenRun>
