<?xml version="1.0" encoding="UTF-8" ?>
<document>
<!--The data in this file is primarily intended for consumption by Xilinx tools.
The structure and the elements are likely to change over the next few releases.
This means code written to parse this file will need to be revisited each subsequent release.-->
<application name="pa" timeStamp="Sun Apr 02 22:38:29 2017">
<section name="Project Information" visible="false">
<property name="ProjectID" value="ef76b36cf1104151a42103ba27d051e1" type="ProjectID"/>
<property name="ProjectIteration" value="21" type="ProjectIteration"/>
</section>
<section name="PlanAhead Usage" visible="true">
<item name="Project Data">
<property name="SrcSetCount" value="1" type="SrcSetCount"/>
<property name="ConstraintSetCount" value="1" type="ConstraintSetCount"/>
<property name="DesignMode" value="RTL" type="DesignMode"/>
<property name="SynthesisStrategy" value="Vivado Synthesis Defaults" type="SynthesisStrategy"/>
<property name="ImplStrategy" value="Vivado Implementation Defaults" type="ImplStrategy"/>
</item>
<item name="Java Command Handlers">
<property name="AddSources" value="7" type="JavaHandler"/>
<property name="CloseProject" value="3" type="JavaHandler"/>
<property name="CoreView" value="3" type="JavaHandler"/>
<property name="CreateBlockDesign" value="2" type="JavaHandler"/>
<property name="CustomizeCore" value="3" type="JavaHandler"/>
<property name="DebugWizardCmdHandler" value="14" type="JavaHandler"/>
<property name="EditCopy" value="1" type="JavaHandler"/>
<property name="EditDelete" value="6" type="JavaHandler"/>
<property name="EditPaste" value="2" type="JavaHandler"/>
<property name="EditRedo" value="1" type="JavaHandler"/>
<property name="EditUndo" value="3" type="JavaHandler"/>
<property name="LaunchOpenTarget" value="4" type="JavaHandler"/>
<property name="LaunchProgramFpga" value="4" type="JavaHandler"/>
<property name="LeaveFeedback" value="1" type="JavaHandler"/>
<property name="NewProject" value="1" type="JavaHandler"/>
<property name="OpenHardwareManager" value="4" type="JavaHandler"/>
<property name="ProjectSettingsCmdHandler" value="17" type="JavaHandler"/>
<property name="ProjectSummary" value="2" type="JavaHandler"/>
<property name="RecustomizeCore" value="2" type="JavaHandler"/>
<property name="ReportIPStatus" value="1" type="JavaHandler"/>
<property name="ReportTimingSummary" value="4" type="JavaHandler"/>
<property name="ReportUtilization" value="8" type="JavaHandler"/>
<property name="RunBitgen" value="4" type="JavaHandler"/>
<property name="RunImplementation" value="18" type="JavaHandler"/>
<property name="RunSchematic" value="2" type="JavaHandler"/>
<property name="RunSynthesis" value="31" type="JavaHandler"/>
<property name="RunTrigger" value="4" type="JavaHandler"/>
<property name="SaveDesign" value="2" type="JavaHandler"/>
<property name="SaveFileProxyHandler" value="3" type="JavaHandler"/>
<property name="SaveProjectAs" value="2" type="JavaHandler"/>
<property name="SetSourceEnabled" value="1" type="JavaHandler"/>
<property name="SetTargetConstrFile" value="2" type="JavaHandler"/>
<property name="SetTopNode" value="2" type="JavaHandler"/>
<property name="ShowIONets" value="3" type="JavaHandler"/>
<property name="ShowView" value="30" type="JavaHandler"/>
<property name="SimulationBreak" value="15" type="JavaHandler"/>
<property name="SimulationClose" value="2" type="JavaHandler"/>
<property name="SimulationRelaunch" value="57" type="JavaHandler"/>
<property name="SimulationRestart" value="141" type="JavaHandler"/>
<property name="SimulationRun" value="49" type="JavaHandler"/>
<property name="SimulationRunAll" value="5" type="JavaHandler"/>
<property name="SimulationRunForTime" value="1641" type="JavaHandler"/>
<property name="TimingConstraintsWizard" value="9" type="JavaHandler"/>
<property name="ToggleViewNavigator" value="1" type="JavaHandler"/>
<property name="ToolsOptions" value="1" type="JavaHandler"/>
<property name="ToolsTemplates" value="2" type="JavaHandler"/>
<property name="UpgradeIP" value="1" type="JavaHandler"/>
<property name="ViewLayoutCmd" value="2" type="JavaHandler"/>
<property name="ViewTaskRTLAnalysis" value="1" type="JavaHandler"/>
<property name="ViewTaskSynthesis" value="8" type="JavaHandler"/>
<property name="WaveformNewConfiguration" value="1" type="JavaHandler"/>
<property name="WaveformOpenConfiguration" value="19" type="JavaHandler"/>
<property name="WaveformSaveConfiguration" value="9" type="JavaHandler"/>
<property name="WaveformSaveConfigurationAs" value="1" type="JavaHandler"/>
<property name="ZoomOut" value="6" type="JavaHandler"/>
</item>
<item name="Gui Resources Info">
<property name="FINISH, Finish" value="1" type="GuiResourceData"/>
<property name="NEXT, Next " value="5" type="GuiResourceData"/>
<property name="PAResourceAtoD.AddIlaProbesPopup_OK, OK" value="1" type="GuiResourceData"/>
<property name="PAResourceAtoD.CmdMsgDialog_OK, OK" value="1" type="GuiResourceData"/>
<property name="PAResourceCommand.PACommandNames_OPEN_HARDWARE_MANAGER, Open Hardware Manager" value="1" type="GuiResourceData"/>
<property name="PAResourceCommand.PACommandNames_OPEN_TARGET_WIZARD, Open New Target..." value="1" type="GuiResourceData"/>
<property name="PAResourceOtoP.ProbesView_PROBES_TREE, [root, RISCV/Memory/data[0]_601[31:0]], 0, false, false, true, false, false, false" value="1" type="GuiResourceData"/>
<property name="PAResourceOtoP.ProbesView_PROBES_TREE, [root, RISCV/Memory/data[1]_602[31:0]], 1, false, false, true, false, false, false" value="1" type="GuiResourceData"/>
<property name="PAResourceOtoP.ProbesView_PROBES_TREE, [root, RISCV/Memory/data[2]_603[31:0]], 2, false" value="1" type="GuiResourceData"/>
<property name="PAResourceOtoP.ProbesView_PROBES_TREE, [root, RISCV/Memory/data[2]_603[31:0]], 2, false, false, true, false, false, false" value="2" type="GuiResourceData"/>
<property name="PAResourceOtoP.ProgramDebugTab_OPEN_RECENTLY_OPENED_TARGET, Recent Targets" value="1" type="GuiResourceData"/>
<property name="PAResourceOtoP.ProgramDebugTab_OPEN_TARGET, Open target" value="1" type="GuiResourceData"/>
<property name="PAResourceOtoP.ProgramDebugTab_PROGRAM_DEVICE, Program device" value="1" type="GuiResourceData"/>
<property name="PAResourceOtoP.ProgramFpgaDialog_PROGRAM, Program" value="1" type="GuiResourceData"/>
<property name="PAResourceTtoZ.TargetChooserPanel_TARGET_CHOOSER_TABLE, 15000000, 0, JTAG Clock Frequency, 2" value="1" type="GuiResourceData"/>
<property name="PAResourceTtoZ.TargetChooserPanel_TARGET_CHOOSER_TABLE, xilinx_tcf ; Digilent/210279545208A ; 15000000, 0, 15000000, 2" value="2" type="GuiResourceData"/>
<property name="PAResourceTtoZ.TriggerStatusPanel_RUN_TRIGGER_FOR_THIS_ILA_CORE, ILA_run_trigger" value="1" type="GuiResourceData"/>
<property name="RDIResource.BaseDialog_OK, OK" value="1" type="GuiResourceData"/>
<property name="RDIResource.RDIViews_WAVEFORM_VIEWER, 140, 54" value="1" type="GuiResourceData"/>
<property name="RDIResource.RDIViews_WAVEFORM_VIEWER, 163, 103" value="1" type="GuiResourceData"/>
<property name="RDIResource.RDIViews_WAVEFORM_VIEWER, 164, 82" value="1" type="GuiResourceData"/>
<property name="RDIResource.RDIViews_WAVEFORM_VIEWER, 166, 140" value="1" type="GuiResourceData"/>
<property name="RDIResource.WaveformView_ADD, Waveform Viewer_new" value="1" type="GuiResourceData"/>
</item>
<item name="Other">
<property name="GuiMode" value="58" type="GuiMode"/>
<property name="BatchMode" value="0" type="BatchMode"/>
<property name="TclMode" value="45" type="TclMode"/>
</item>
</section>
</application>
</document>
