<?xml version="1.0" encoding="UTF-8" ?>
<document>
<!--The data in this file is primarily intended for consumption by Xilinx tools.
The structure and the elements are likely to change over the next few releases.
This means code written to parse this file will need to be revisited each subsequent release.-->
<application name="pa" timeStamp="Thu Mar 30 20:05:28 2017">
<section name="Project Information" visible="false">
<property name="ProjectID" value="ef76b36cf1104151a42103ba27d051e1" type="ProjectID"/>
<property name="ProjectIteration" value="10" type="ProjectIteration"/>
</section>
<section name="PlanAhead Usage" visible="true">
<item name="Project Data">
<property name="SrcSetCount" value="1" type="SrcSetCount"/>
<property name="ConstraintSetCount" value="1" type="ConstraintSetCount"/>
<property name="DesignMode" value="RTL" type="DesignMode"/>
<property name="SynthesisStrategy" value="Vivado Synthesis Defaults" type="SynthesisStrategy"/>
<property name="ImplStrategy" value="Vivado Implementation Defaults" type="ImplStrategy"/>
</item>
<item name="Java Command Handlers">
<property name="AddSources" value="6" type="JavaHandler"/>
<property name="CloseProject" value="3" type="JavaHandler"/>
<property name="CoreView" value="1" type="JavaHandler"/>
<property name="CreateBlockDesign" value="2" type="JavaHandler"/>
<property name="CustomizeCore" value="1" type="JavaHandler"/>
<property name="DebugWizardCmdHandler" value="5" type="JavaHandler"/>
<property name="EditDelete" value="4" type="JavaHandler"/>
<property name="EditPaste" value="2" type="JavaHandler"/>
<property name="EditRedo" value="1" type="JavaHandler"/>
<property name="EditUndo" value="3" type="JavaHandler"/>
<property name="LeaveFeedback" value="1" type="JavaHandler"/>
<property name="NewProject" value="1" type="JavaHandler"/>
<property name="ProjectSettingsCmdHandler" value="16" type="JavaHandler"/>
<property name="RecustomizeCore" value="2" type="JavaHandler"/>
<property name="ReportTimingSummary" value="4" type="JavaHandler"/>
<property name="ReportUtilization" value="8" type="JavaHandler"/>
<property name="RunBitgen" value="1" type="JavaHandler"/>
<property name="RunImplementation" value="8" type="JavaHandler"/>
<property name="RunSchematic" value="2" type="JavaHandler"/>
<property name="RunSynthesis" value="16" type="JavaHandler"/>
<property name="SaveDesign" value="1" type="JavaHandler"/>
<property name="SaveFileProxyHandler" value="3" type="JavaHandler"/>
<property name="SaveProjectAs" value="1" type="JavaHandler"/>
<property name="SetTargetConstrFile" value="2" type="JavaHandler"/>
<property name="SetTopNode" value="2" type="JavaHandler"/>
<property name="ShowIONets" value="3" type="JavaHandler"/>
<property name="ShowView" value="23" type="JavaHandler"/>
<property name="SimulationBreak" value="8" type="JavaHandler"/>
<property name="SimulationClose" value="1" type="JavaHandler"/>
<property name="SimulationRelaunch" value="49" type="JavaHandler"/>
<property name="SimulationRestart" value="105" type="JavaHandler"/>
<property name="SimulationRun" value="38" type="JavaHandler"/>
<property name="SimulationRunAll" value="3" type="JavaHandler"/>
<property name="SimulationRunForTime" value="889" type="JavaHandler"/>
<property name="TimingConstraintsWizard" value="9" type="JavaHandler"/>
<property name="ToolsOptions" value="1" type="JavaHandler"/>
<property name="ToolsTemplates" value="2" type="JavaHandler"/>
<property name="ViewLayoutCmd" value="2" type="JavaHandler"/>
<property name="ViewTaskSynthesis" value="5" type="JavaHandler"/>
<property name="WaveformOpenConfiguration" value="10" type="JavaHandler"/>
<property name="WaveformSaveConfiguration" value="2" type="JavaHandler"/>
<property name="ZoomOut" value="6" type="JavaHandler"/>
</item>
<item name="Gui Resources Info">
<property name="OnChipMemory.v, 1, 12" value="1" type="GuiResourceData"/>
<property name="OnChipMemory.v, 1, 9" value="1" type="GuiResourceData"/>
<property name="OnChipMemory.v, 255, 543" value="1" type="GuiResourceData"/>
<property name="OnChipMemory.v, 269, 557" value="1" type="GuiResourceData"/>
<property name="OnChipMemory.v, 282, 519" value="1" type="GuiResourceData"/>
<property name="OnChipMemory.v, 81, 336, false, false, false, true, false" value="1" type="GuiResourceData"/>
<property name="PAResourceAtoD.CmdMsgDialog_OK, OK" value="2" type="GuiResourceData"/>
<property name="PAResourceCommand.PACommandNames_SIMULATION_LIVE_BREAK, simulation_live_break" value="1" type="GuiResourceData"/>
<property name="PAResourceCommand.PACommandNames_SIMULATION_LIVE_RESTART, simulation_live_restart" value="10" type="GuiResourceData"/>
<property name="PAResourceCommand.PACommandNames_SIMULATION_LIVE_RUN, simulation_live_run_for_time" value="139" type="GuiResourceData"/>
<property name="PAResourceCommand.PACommandNames_SIMULATION_RELAUNCH, simulation_relaunch" value="7" type="GuiResourceData"/>
<property name="PAResourceCommand.PACommandNames_SIMULATION_RUN_BEHAVIORAL, Run Behavioral Simulation" value="1" type="GuiResourceData"/>
<property name="PAResourceEtoH.FileSetPanel_FILE_SET_PANEL_TREE, [root, Design Sources, PC4 (PC4.v" value="1" type="GuiResourceData"/>
<property name="PAResourceEtoH.FileSetPanel_FILE_SET_PANEL_TREE, [root, Design Sources, RISCV_SoC (RISCV_SoC.v" value="1" type="GuiResourceData"/>
<property name="PAResourceEtoH.FlowNavigatorTreePanel_FLOW_NAVIGATOR_TREE, [, Simulation, Run Simulation], 11, false" value="1" type="GuiResourceData"/>
<property name="PAResourceEtoH.GettingStartedView_RECENT_PROJECTS, C:/Users/A.A.S.D.Maduwantha/Downloads/Compressed/riscv_SoC_with_blink/project_1/project_1.xpr, 0" value="1" type="GuiResourceData"/>
<property name="PAResourceItoN.MainMenuMgr_FILE, File" value="2" type="GuiResourceData"/>
<property name="PAResourceItoN.MainMenuMgr_OPEN_RECENT_PROJECT, Open Recent Project" value="1" type="GuiResourceData"/>
<property name="PAResourceItoN.MsgTreePanel_MESSAGE_VIEW_TREE, [, Implementation, Place Design, [DRC 23-20] Rule violation (BIVC-1" value="1" type="GuiResourceData"/>
<property name="PAResourceItoN.MsgTreePanel_MESSAGE_VIEW_TREE, [, Vivado Commands, relaunch_sim. , [Common 17-69] Command failed: ERROR: [Common 17-39] 'launch_simulation' failed due to earlier errors.. . ], 4, false" value="1" type="GuiResourceData"/>
<property name="PAResourceItoN.MsgTreePanel_MESSAGE_VIEW_TREE, [, Vivado Commands, relaunch_sim. , [USF-XSim 62] 'compile' step failed with error(s" value="2" type="GuiResourceData"/>
<property name="PAResourceItoN.MsgTreePanel_MESSAGE_VIEW_TREE, [, Vivado Commands, relaunch_sim. , [Vivado 12-4473] Detected error while running simulation. Please correct the issue and retry this operation.. ], 3, false" value="1" type="GuiResourceData"/>
<property name="PAResourceItoN.MsgView_INFORMATION_MESSAGES, (String" value="1" type="GuiResourceData"/>
<property name="PAResourceItoN.MsgView_WARNING_MESSAGES, (String" value="1" type="GuiResourceData"/>
<property name="PAResourceQtoS.SimulationLiveRunForComp_SPECIFY_TIME_AND_UNITS, 0100" value="1" type="GuiResourceData"/>
<property name="PAResourceQtoS.SimulationLiveRunForComp_SPECIFY_TIME_AND_UNITS, 100" value="2" type="GuiResourceData"/>
<property name="PAResourceQtoS.SimulationLiveRunForComp_SPECIFY_TIME_AND_UNITS, 1000" value="2" type="GuiResourceData"/>
<property name="PAResourceQtoS.SimulationLiveRunForComp_SPECIFY_TIME_AND_UNITS, 10000" value="1" type="GuiResourceData"/>
<property name="PAResourceQtoS.SimulationLiveRunForComp_SPECIFY_TIME_AND_UNITS, 10000000" value="3" type="GuiResourceData"/>
<property name="PAResourceQtoS.SimulationLiveRunForComp_SPECIFY_TIME_AND_UNITS, 27532350" value="1" type="GuiResourceData"/>
<property name="PAResourceQtoS.SimulationLiveRunForComp_SPECIFY_TIME_AND_UNITS, 27534750" value="1" type="GuiResourceData"/>
<property name="PAResourceQtoS.SimulationLiveRunForComp_SPECIFY_TIME_AND_UNITS, 6620000" value="1" type="GuiResourceData"/>
<property name="PAResourceQtoS.SimulationObjectsPanel_SIMULATION_OBJECTS_TREE_TABLE, Name, 0" value="2" type="GuiResourceData"/>
<property name="PAResourceQtoS.SimulationObjectsPanel_SIMULATION_OBJECTS_TREE_TABLE, [10][7:0] ; 09 ; Array, 21, 09, 1, true" value="1" type="GuiResourceData"/>
<property name="PAResourceQtoS.SimulationObjectsPanel_SIMULATION_OBJECTS_TREE_TABLE, [11][7:0] ; 0a ; Array, 13, 0a, 1, true" value="1" type="GuiResourceData"/>
<property name="PAResourceQtoS.SimulationObjectsPanel_SIMULATION_OBJECTS_TREE_TABLE, [16][7:0] ; 01 ; Array, 17, 01, 1, true" value="1" type="GuiResourceData"/>
<property name="PAResourceQtoS.SimulationObjectsPanel_SIMULATION_OBJECTS_TREE_TABLE, [17][7:0] ; 02 ; Array, 18, 02, 1, true" value="1" type="GuiResourceData"/>
<property name="PAResourceQtoS.SimulationObjectsPanel_SIMULATION_OBJECTS_TREE_TABLE, [18][7:0] ; 06 ; Array, 19, 06, 1, true" value="1" type="GuiResourceData"/>
<property name="PAResourceQtoS.SimulationObjectsPanel_SIMULATION_OBJECTS_TREE_TABLE, [19][7:0] ; 05 ; Array, 20, 05, 1, true" value="1" type="GuiResourceData"/>
<property name="PAResourceQtoS.SimulationObjectsPanel_SIMULATION_OBJECTS_TREE_TABLE, [20][7:0] ; 02 ; Array, 21, 02, 1, true" value="3" type="GuiResourceData"/>
<property name="PAResourceQtoS.SimulationObjectsPanel_SIMULATION_OBJECTS_TREE_TABLE, [21][7:0] ; 03 ; Array, 22, 03, 1, true" value="1" type="GuiResourceData"/>
<property name="PAResourceQtoS.SimulationObjectsPanel_SIMULATION_OBJECTS_TREE_TABLE, [22][7:0] ; 05 ; Array, 24, 05, 1, true" value="1" type="GuiResourceData"/>
<property name="PAResourceQtoS.SimulationObjectsPanel_SIMULATION_OBJECTS_TREE_TABLE, [22][7:0] ; 09 ; Array, 23, 09, 1, true" value="1" type="GuiResourceData"/>
<property name="PAResourceQtoS.SimulationObjectsPanel_SIMULATION_OBJECTS_TREE_TABLE, [23][7:0] ; 00 ; Array, 24, 00, 1, true" value="2" type="GuiResourceData"/>
<property name="PAResourceQtoS.SimulationObjectsPanel_SIMULATION_OBJECTS_TREE_TABLE, [23][7:0] ; 06 ; Array, 25, 06, 1, true" value="1" type="GuiResourceData"/>
<property name="PAResourceQtoS.SimulationObjectsPanel_SIMULATION_OBJECTS_TREE_TABLE, [24][7:0] ; 06 ; Array, 26, 06, 1, true" value="1" type="GuiResourceData"/>
<property name="PAResourceQtoS.SimulationObjectsPanel_SIMULATION_OBJECTS_TREE_TABLE, [24][7:0] ; 08 ; Array, 25, 08, 1, true" value="1" type="GuiResourceData"/>
<property name="PAResourceQtoS.SimulationObjectsPanel_SIMULATION_OBJECTS_TREE_TABLE, [25][7:0] ; 03 ; Array, 27, 03, 1, true" value="1" type="GuiResourceData"/>
<property name="PAResourceQtoS.SimulationObjectsPanel_SIMULATION_OBJECTS_TREE_TABLE, [25][7:0] ; 07 ; Array, 26, 07, 1, true" value="5" type="GuiResourceData"/>
<property name="PAResourceQtoS.SimulationObjectsPanel_SIMULATION_OBJECTS_TREE_TABLE, [26][7:0] ; 05 ; Array, 28, 05, 1, true" value="1" type="GuiResourceData"/>
<property name="PAResourceQtoS.SimulationObjectsPanel_SIMULATION_OBJECTS_TREE_TABLE, [26][7:0] ; 09 ; Array, 34, 09, 1, true" value="1" type="GuiResourceData"/>
<property name="PAResourceQtoS.SimulationObjectsPanel_SIMULATION_OBJECTS_TREE_TABLE, [26][7:0] ; XX ; Array, 27, XX, 1, true" value="3" type="GuiResourceData"/>
<property name="PAResourceQtoS.SimulationObjectsPanel_SIMULATION_OBJECTS_TREE_TABLE, [27][7:0] ; 02 ; Array, 28, 02, 1, true" value="2" type="GuiResourceData"/>
<property name="PAResourceQtoS.SimulationObjectsPanel_SIMULATION_OBJECTS_TREE_TABLE, [27][7:0] ; 04 ; Array, 29, 04, 1, true" value="1" type="GuiResourceData"/>
<property name="PAResourceQtoS.SimulationObjectsPanel_SIMULATION_OBJECTS_TREE_TABLE, [28][7:0] ; XX ; Array, 29, XX, 1, true" value="1" type="GuiResourceData"/>
<property name="PAResourceQtoS.SimulationObjectsPanel_SIMULATION_OBJECTS_TREE_TABLE, chipMem_1_0[0:255][7:0] ; XX,XX,XX,XX,XX,XX,XX,XX,XX,XX,09,0a,XX,XX,XX,00,XX,XX,XX,XX,XX,XX,XX,XX,XX,XX,XX,XX,XX,XX,XX,XX,XX,XX,XX,XX,XX,XX,XX,XX,XX,XX,XX,XX,XX,XX,XX,XX,XX,XX,XX,XX,XX,XX,XX,XX,XX,XX,XX,XX,XX,XX,XX,XX,XX,XX,XX,XX,XX,XX,XX,XX,XX,XX,XX,XX,XX,XX,XX,XX,XX,XX,XX,XX,XX,XX,XX,XX,XX,XX,XX,XX,XX,XX,XX,XX,XX,XX,XX,XX,XX,XX,XX,XX,XX,XX,XX,XX,XX,XX,XX,XX,XX,XX,XX,XX,XX,XX,XX,XX,XX,XX,XX,XX,XX,XX,XX,XX,XX,XX,XX,XX,XX,XX,XX,XX,XX,XX,XX,XX,XX,XX,XX,XX,XX,XX,XX,XX,XX,XX,XX,XX,XX,XX,XX,XX,XX,XX,XX,XX,XX,XX,XX,XX,XX,XX,XX,XX,XX,XX,XX,XX,XX,XX,XX,XX,XX,XX,XX,XX,XX,XX,XX,XX,XX,XX,XX,XX,XX,XX,XX,XX,XX,XX,XX,XX,XX,XX,XX,XX,XX,XX,XX,XX,XX,XX,XX,XX,XX,XX,XX,XX,XX,XX,XX,XX,XX,XX,XX,XX,XX,XX,XX,XX,XX,XX,XX,XX,XX,XX,XX,XX,XX,XX,XX,XX,XX,XX,XX,XX,XX,XX,XX,XX,XX,XX,XX,XX,XX,XX,XX,XX,XX,XX,XX,XX ; Array, 13, chipMem_1_0[0:255][7:0], 0, true" value="1" type="GuiResourceData"/>
<property name="PAResourceQtoS.SimulationObjectsPanel_SIMULATION_OBJECTS_TREE_TABLE, chipMem_1_0[0:255][7:0] ; XX,XX,XX,XX,XX,XX,XX,XX,XX,XX,XX,XX,XX,XX,XX,XX,01,02,06,05,02,03,09,00,08,07,09,0a,XX,XX,XX,00,XX,XX,XX,XX,XX,XX,XX,XX,XX,XX,XX,XX,XX,XX,XX,XX,XX,XX,XX,XX,XX,XX,XX,XX,XX,XX,XX,XX,XX,XX,XX,XX,XX,XX,XX,XX,XX,XX,XX,XX,XX,XX,XX,XX,XX,XX,XX,XX,XX,XX,XX,XX,XX,XX,XX,XX,XX,XX,XX,XX,XX,XX,XX,XX,XX,XX,XX,XX,XX,XX,XX,XX,XX,XX,XX,XX,XX,XX,XX,XX,XX,XX,XX,XX,XX,XX,XX,XX,XX,XX,XX,XX,XX,XX,XX,XX,XX,XX,XX,XX,XX,XX,XX,XX,XX,XX,XX,XX,XX,XX,XX,XX,XX,XX,XX,XX,XX,XX,XX,XX,XX,XX,XX,XX,XX,XX,XX,XX,XX,XX,XX,XX,XX,XX,XX,XX,XX,XX,XX,XX,XX,XX,XX,XX,XX,XX,XX,XX,XX,XX,XX,XX,XX,XX,XX,XX,XX,XX,XX,XX,XX,XX,XX,XX,XX,XX,XX,XX,XX,XX,XX,XX,XX,XX,XX,XX,XX,XX,XX,XX,XX,XX,XX,XX,XX,XX,XX,XX,XX,XX,XX,XX,XX,XX,XX,XX,XX,XX,XX,XX,XX,XX,XX,XX,XX,XX,XX,XX,XX,XX,XX,XX,XX,XX,XX,XX,XX,XX,XX,XX,XX,XX,XX,XX ; Array, 22, chipMem_1_0[0:255][7:0], 0, true" value="1" type="GuiResourceData"/>
<property name="PAResourceQtoS.SimulationObjectsPanel_SIMULATION_OBJECTS_TREE_TABLE, chipMem_1_0[0:255][7:0] ; XX,XX,XX,XX,XX,XX,XX,XX,XX,XX,XX,XX,XX,XX,XX,XX,01,02,06,05,02,03,09,00,08,07,XX,02,XX,XX,XX,00,XX,XX,XX,XX,XX,XX,XX,XX,XX,XX,XX,XX,XX,XX,XX,XX,XX,XX,XX,XX,XX,XX,XX,XX,XX,XX,XX,XX,XX,XX,XX,XX,XX,XX,XX,XX,XX,XX,XX,XX,XX,XX,XX,XX,XX,XX,XX,XX,XX,XX,XX,XX,XX,XX,XX,XX,XX,XX,XX,XX,XX,XX,XX,XX,XX,XX,XX,XX,XX,XX,XX,XX,XX,XX,XX,XX,XX,XX,XX,XX,XX,XX,XX,XX,XX,XX,XX,XX,XX,XX,XX,XX,XX,XX,XX,XX,XX,XX,XX,XX,XX,XX,XX,XX,XX,XX,XX,XX,XX,XX,XX,XX,XX,XX,XX,XX,XX,XX,XX,XX,XX,XX,XX,XX,XX,XX,XX,XX,XX,XX,XX,XX,XX,XX,XX,XX,XX,XX,XX,XX,XX,XX,XX,XX,XX,XX,XX,XX,XX,XX,XX,XX,XX,XX,XX,XX,XX,XX,XX,XX,XX,XX,XX,XX,XX,XX,XX,XX,XX,XX,XX,XX,XX,XX,XX,XX,XX,XX,XX,XX,XX,XX,XX,XX,XX,XX,XX,XX,XX,XX,XX,XX,XX,XX,XX,XX,XX,XX,XX,XX,XX,XX,XX,XX,XX,XX,XX,XX,XX,XX,XX,XX,XX,XX,XX,XX,XX,XX,XX,XX,XX,XX,XX,XX ; Array, 15, chipMem_1_0[0:255][7:0], 0, true" value="1" type="GuiResourceData"/>
<property name="PAResourceQtoS.SimulationObjectsPanel_SIMULATION_OBJECTS_TREE_TABLE, chipMem_1_0[0:255][7:0] ; XX,XX,XX,XX,XX,XX,XX,XX,XX,XX,XX,XX,XX,XX,XX,XX,01,02,06,05,02,03,09,00,08,07,XX,02,XX,XX,XX,00,XX,XX,XX,XX,XX,XX,XX,XX,XX,XX,XX,XX,XX,XX,XX,XX,XX,XX,XX,XX,XX,XX,XX,XX,XX,XX,XX,XX,XX,XX,XX,XX,XX,XX,XX,XX,XX,XX,XX,XX,XX,XX,XX,XX,XX,XX,XX,XX,XX,XX,XX,XX,XX,XX,XX,XX,XX,XX,XX,XX,XX,XX,XX,XX,XX,XX,XX,XX,XX,XX,XX,XX,XX,XX,XX,XX,XX,XX,XX,XX,XX,XX,XX,XX,XX,XX,XX,XX,XX,XX,XX,XX,XX,XX,XX,XX,XX,XX,XX,XX,XX,XX,XX,XX,XX,XX,XX,XX,XX,XX,XX,XX,XX,XX,XX,XX,XX,XX,XX,XX,XX,XX,XX,XX,XX,XX,XX,XX,XX,XX,XX,XX,XX,XX,XX,XX,XX,XX,XX,XX,XX,XX,XX,XX,XX,XX,XX,XX,XX,XX,XX,XX,XX,XX,XX,XX,XX,XX,XX,XX,XX,XX,XX,XX,XX,XX,XX,XX,XX,XX,XX,XX,XX,XX,XX,XX,XX,XX,XX,XX,XX,XX,XX,XX,XX,XX,XX,XX,XX,XX,XX,XX,XX,XX,XX,XX,XX,XX,XX,XX,XX,XX,XX,XX,XX,XX,XX,XX,XX,XX,XX,XX,XX,XX,XX,XX,XX,XX,XX,XX,XX,XX,XX,XX ; Array, 27, chipMem_1_0[0:255][7:0], 0, true" value="2" type="GuiResourceData"/>
<property name="PAResourceQtoS.SimulationObjectsPanel_SIMULATION_OBJECTS_TREE_TABLE, chipMem_1_0[0:255][7:0] ; XX,XX,XX,XX,XX,XX,XX,XX,XX,XX,XX,XX,XX,XX,XX,XX,XX,XX,XX,05,06,02,01,03,00,00,01,00,XX,XX,XX,00,XX,XX,XX,XX,XX,XX,XX,XX,XX,XX,XX,XX,XX,XX,XX,XX,XX,XX,XX,XX,XX,XX,XX,XX,XX,XX,XX,XX,XX,XX,XX,XX,XX,XX,XX,XX,XX,XX,XX,XX,XX,XX,XX,XX,XX,XX,XX,XX,XX,XX,XX,XX,XX,XX,XX,XX,XX,XX,XX,XX,XX,XX,XX,XX,XX,XX,XX,XX,XX,XX,XX,XX,XX,XX,XX,XX,XX,XX,XX,XX,XX,XX,XX,XX,XX,XX,XX,XX,XX,XX,XX,XX,XX,XX,XX,XX,XX,XX,XX,XX,XX,XX,XX,XX,XX,XX,XX,XX,XX,XX,XX,XX,XX,XX,XX,XX,XX,XX,XX,XX,XX,XX,XX,XX,XX,XX,XX,XX,XX,XX,XX,XX,XX,XX,XX,XX,XX,XX,XX,XX,XX,XX,XX,XX,XX,XX,XX,XX,XX,XX,XX,XX,XX,XX,XX,XX,XX,XX,XX,XX,XX,XX,XX,XX,XX,XX,XX,XX,XX,XX,XX,XX,XX,XX,XX,XX,XX,XX,XX,XX,XX,XX,XX,XX,XX,XX,XX,XX,XX,XX,XX,XX,XX,XX,XX,XX,XX,XX,XX,XX,XX,XX,XX,XX,XX,XX,XX,XX,XX,XX,XX,XX,XX,XX,XX,XX,XX,XX,XX,XX,XX,XX,XX,XX ; Array, 28, chipMem_1_0[0:255][7:0], 0, true" value="1" type="GuiResourceData"/>
<property name="PAResourceQtoS.SimulationObjectsPanel_SIMULATION_OBJECTS_TREE_TABLE, io_Mem_wr_valid ; X ; Logic, 13, io_Mem_wr_valid, 0, false, false, false, false, true, false" value="1" type="GuiResourceData"/>
<property name="PAResourceQtoS.SimulationObjectsPanel_SIMULATION_OBJECTS_TREE_TABLE, io_WEN_RegFile ; X ; Logic, 10, io_WEN_RegFile, 0, false, false, false, false, true, false" value="1" type="GuiResourceData"/>
<property name="PAResourceQtoS.SimulationObjectsPanel_SIMULATION_OBJECTS_TREE_TABLE, io_WEN_RegFile ; X ; Logic, 13, io_WEN_RegFile, 0, false" value="1" type="GuiResourceData"/>
<property name="PAResourceQtoS.SimulationObjectsPanel_SIMULATION_OBJECTS_TREE_TABLE, regFile_15[31:0] ; 0000XXXX ; Array, 9, 0000XXXX, 1, true" value="1" type="GuiResourceData"/>
<property name="PAResourceQtoS.SimulationScopesPanel_SIMULATION_SCOPES_TREE_TABLE, Memory ; OnChipMemory ; Verilog Module, 5, Memory, 0, false" value="7" type="GuiResourceData"/>
<property name="PAResourceQtoS.SimulationScopesPanel_SIMULATION_SCOPES_TREE_TABLE, Memory ; OnChipMemory ; Verilog Module, 5, Memory, 0, false, false, false, false, false, true" value="1" type="GuiResourceData"/>
<property name="PAResourceQtoS.SimulationScopesPanel_SIMULATION_SCOPES_TREE_TABLE, RISCV ; Top_RISC ; Verilog Module, 3" value="6" type="GuiResourceData"/>
<property name="PAResourceQtoS.SimulationScopesPanel_SIMULATION_SCOPES_TREE_TABLE, RISCV ; Top_RISC ; Verilog Module, 3, RISCV, 0, true" value="2" type="GuiResourceData"/>
<property name="PAResourceQtoS.SimulationScopesPanel_SIMULATION_SCOPES_TREE_TABLE, RISCV ; Top_RISC ; Verilog Module, 3, RISCV, 0, true, false, false, false, false, true" value="1" type="GuiResourceData"/>
<property name="PAResourceQtoS.SimulationScopesPanel_SIMULATION_SCOPES_TREE_TABLE, coreRISCV ; core ; Verilog Module, 4" value="1" type="GuiResourceData"/>
<property name="PAResourceQtoS.SimulationScopesPanel_SIMULATION_SCOPES_TREE_TABLE, coreRISCV ; core ; Verilog Module, 4, coreRISCV, 0, true" value="1" type="GuiResourceData"/>
<property name="PAResourceQtoS.SimulationScopesPanel_SIMULATION_SCOPES_TREE_TABLE, cpath_decode ; Decorder ; Verilog Module, 10, cpath_decode, 0, false" value="1" type="GuiResourceData"/>
<property name="PAResourceQtoS.SimulationScopesPanel_SIMULATION_SCOPES_TREE_TABLE, reg_stack ; RegFile ; Verilog Module, 13, reg_stack, 0, false" value="1" type="GuiResourceData"/>
<property name="PAResourceQtoS.SimulationScopesPanel_SIMULATION_SCOPES_TREE_TABLE, tb_RISCV_SoC ; tb_RISCV_SoC ; Verilog Module, 0, tb_RISCV_SoC, 0, true" value="1" type="GuiResourceData"/>
<property name="PAResourceQtoS.SimulationScopesPanel_SIMULATION_SCOPES_TREE_TABLE, tb_RISCV_SoC ; tb_RISCV_SoC ; Verilog Module, 0, tb_RISCV_SoC, 0, true, false, false, false, false, true" value="1" type="GuiResourceData"/>
<property name="PAResourceQtoS.SimulationScopesPanel_SIMULATION_SCOPES_TREE_TABLE, uut ; RISCV_SoC ; Verilog Module, 1" value="6" type="GuiResourceData"/>
<property name="PAResourceQtoS.SimulationScopesPanel_SIMULATION_SCOPES_TREE_TABLE, uut ; RISCV_SoC ; Verilog Module, 1, uut, 0, true" value="2" type="GuiResourceData"/>
<property name="PAResourceQtoS.SimulationScopesPanel_SIMULATION_SCOPES_TREE_TABLE, uut ; RISCV_SoC ; Verilog Module, 1, uut, 0, true, false, false, false, false, true" value="1" type="GuiResourceData"/>
<property name="RDIResource.RDIViews_WAVEFORM_VIEWER, 283, 127" value="1" type="GuiResourceData"/>
<property name="RDIResource.RDIViews_WAVEFORM_VIEWER, 299, 132" value="1" type="GuiResourceData"/>
<property name="RDIResource.RDIViews_WAVEFORM_VIEWER, 391, 159" value="1" type="GuiResourceData"/>
<property name="RDIResource.RDIViews_WAVEFORM_VIEWER, 392, 368" value="1" type="GuiResourceData"/>
<property name="RDIResource.RDIViews_WAVEFORM_VIEWER, 397, 378" value="1" type="GuiResourceData"/>
<property name="RDIResource.RDIViews_WAVEFORM_VIEWER, 399, 386" value="1" type="GuiResourceData"/>
<property name="RDIResource.RDIViews_WAVEFORM_VIEWER, 418, 121" value="1" type="GuiResourceData"/>
<property name="RDIResource.RDIViews_WAVEFORM_VIEWER, 466, 217" value="1" type="GuiResourceData"/>
<property name="RDIResource.RDIViews_WAVEFORM_VIEWER, 474, 293" value="1" type="GuiResourceData"/>
<property name="RDIResource.RDIViews_WAVEFORM_VIEWER, 494, 158" value="1" type="GuiResourceData"/>
<property name="RDIResource.RDIViews_WAVEFORM_VIEWER, 501, 116" value="1" type="GuiResourceData"/>
<property name="RDIResource.RDIViews_WAVEFORM_VIEWER, 502, 369" value="1" type="GuiResourceData"/>
<property name="RDIResource.RDIViews_WAVEFORM_VIEWER, 555, 302" value="1" type="GuiResourceData"/>
<property name="RDIResource.RDIViews_WAVEFORM_VIEWER, 557, 295" value="1" type="GuiResourceData"/>
<property name="RDIResource.RDIViews_WAVEFORM_VIEWER, 565, 300" value="1" type="GuiResourceData"/>
<property name="RDIResource.RDIViews_WAVEFORM_VIEWER, 59, 288" value="1" type="GuiResourceData"/>
<property name="RDIResource.RDIViews_WAVEFORM_VIEWER, 591, 48" value="1" type="GuiResourceData"/>
<property name="RDIResource.RDIViews_WAVEFORM_VIEWER, 668, 236" value="1" type="GuiResourceData"/>
<property name="RDIResource.RDIViews_WAVEFORM_VIEWER, 766, 121" value="1" type="GuiResourceData"/>
<property name="RDIResource.RDIViews_WAVEFORM_VIEWER, tb_RISCV_SoC_behav.wcfg" value="1" type="GuiResourceData"/>
<property name="RDIResource.TclConsoleView_TCL_CONSOLE_CODE_EDITOR, 1064, 10" value="1" type="GuiResourceData"/>
<property name="RDIResource.TclConsoleView_TCL_CONSOLE_CODE_EDITOR, 1074, 9" value="1" type="GuiResourceData"/>
<property name="RDIResource.TclConsoleView_TCL_CONSOLE_CODE_EDITOR, 1083, 74" value="1" type="GuiResourceData"/>
<property name="RDIResource.TclConsoleView_TCL_CONSOLE_CODE_EDITOR, 1083, 82" value="1" type="GuiResourceData"/>
<property name="RDIResource.TclConsoleView_TCL_CONSOLE_CODE_EDITOR, 1086, 82" value="1" type="GuiResourceData"/>
<property name="RDIResource.TclConsoleView_TCL_CONSOLE_CODE_EDITOR, 1098, 78" value="1" type="GuiResourceData"/>
<property name="RDIResource.TclConsoleView_TCL_CONSOLE_CODE_EDITOR, 292, 37, false, false, false, true, false" value="1" type="GuiResourceData"/>
<property name="RDIResource.TclConsoleView_TCL_CONSOLE_CODE_EDITOR, 440, 63" value="1" type="GuiResourceData"/>
<property name="RDIResource.TclConsoleView_TCL_CONSOLE_CODE_EDITOR, 713, 61" value="1" type="GuiResourceData"/>
<property name="RDIResource.TclConsoleView_TCL_CONSOLE_CODE_EDITOR, 980, 87" value="1" type="GuiResourceData"/>
<property name="RDIResource.WaveformNameTree_WAVEFORM_NAME_TREE, [true, instr_adder[31:0]], 2, true" value="1" type="GuiResourceData"/>
<property name="RDIResource.WaveformNameTree_WAVEFORM_NAME_TREE, [true, io_IR[31:0]], 3, true" value="1" type="GuiResourceData"/>
<property name="RDIResource.WaveformNameTree_WAVEFORM_NAME_TREE, [true, io_IR_skip_Mux_sel], 27, false, false, false, false, true, false" value="1" type="GuiResourceData"/>
<property name="RDIResource.WaveformNameTree_WAVEFORM_NAME_TREE, [true, io_WEN_RegFile], 25, false" value="2" type="GuiResourceData"/>
<property name="RDIResource.WaveformNameTree_WAVEFORM_NAME_TREE, [true, io_rs_in_adr[3:0]], 13, true" value="1" type="GuiResourceData"/>
<property name="RDIResource.WaveformNameTree_WAVEFORM_NAME_TREE, [true, io_rs_in_data[31:0]], 12" value="2" type="GuiResourceData"/>
<property name="RDIResource.WaveformNameTree_WAVEFORM_NAME_TREE, [true, io_rs_in_data[31:0]], 12, true" value="2" type="GuiResourceData"/>
<property name="RDIResource.WaveformNameTree_WAVEFORM_NAME_TREE, [true, io_rs_in_data[31:0]], 5, true" value="1" type="GuiResourceData"/>
<property name="RDIResource.WaveformNameTree_WAVEFORM_NAME_TREE, [true, io_wen], 11, false" value="2" type="GuiResourceData"/>
<property name="RDIResource.WaveformNameTree_WAVEFORM_NAME_TREE, [true, reset], 3, false" value="4" type="GuiResourceData"/>
<property name="RDIResource.WaveformView_NEXT_TRANSITION, Waveform Viewer_waveformNextTransition" value="21" type="GuiResourceData"/>
<property name="RDIResource.WaveformView_PREVIOUS_TRANSITION, Waveform Viewer_waveformPreviousTransition" value="5" type="GuiResourceData"/>
<property name="RDIResourceCommand.RDICommands_WAVEFORM_OPEN_CONFIGURATION, Open Waveform Configuration..." value="1" type="GuiResourceData"/>
<property name="Top_RISC.v, 110, 68" value="1" type="GuiResourceData"/>
<property name="Top_RISC.v, 111, 139" value="1" type="GuiResourceData"/>
<property name="Top_RISC.v, 112, 259" value="1" type="GuiResourceData"/>
<property name="Top_RISC.v, 121, 78" value="2" type="GuiResourceData"/>
<property name="Top_RISC.v, 121, 78, false, false, false, false, true" value="1" type="GuiResourceData"/>
<property name="Top_RISC.v, 121, 79" value="1" type="GuiResourceData"/>
<property name="Top_RISC.v, 121, 79, false, false, false, false, true" value="1" type="GuiResourceData"/>
<property name="Top_RISC.v, 122, 380, false, false, false, false, true" value="1" type="GuiResourceData"/>
<property name="Top_RISC.v, 122, 79" value="1" type="GuiResourceData"/>
<property name="Top_RISC.v, 123, 380" value="1" type="GuiResourceData"/>
<property name="Top_RISC.v, 139, 397" value="1" type="GuiResourceData"/>
<property name="Top_RISC.v, 139, 397, false, false, false, false, true" value="1" type="GuiResourceData"/>
<property name="Top_RISC.v, 143, 397" value="2" type="GuiResourceData"/>
<property name="Top_RISC.v, 143, 397, false, false, false, false, true" value="1" type="GuiResourceData"/>
<property name="Top_RISC.v, 160, 134" value="1" type="GuiResourceData"/>
<property name="Top_RISC.v, 161, 102" value="1" type="GuiResourceData"/>
<property name="Top_RISC.v, 165, 327" value="1" type="GuiResourceData"/>
<property name="Top_RISC.v, 165, 327, false, false, false, false, true" value="1" type="GuiResourceData"/>
<property name="Top_RISC.v, 168, 293" value="1" type="GuiResourceData"/>
<property name="Top_RISC.v, 168, 293, false, false, false, false, true" value="1" type="GuiResourceData"/>
<property name="Top_RISC.v, 185, 245" value="1" type="GuiResourceData"/>
<property name="Top_RISC.v, 194, 78" value="1" type="GuiResourceData"/>
<property name="Top_RISC.v, 194, 78, false, false, false, false, true" value="1" type="GuiResourceData"/>
<property name="Top_RISC.v, 213, 435" value="1" type="GuiResourceData"/>
<property name="Top_RISC.v, 213, 435, false, false, false, false, true" value="1" type="GuiResourceData"/>
<property name="Top_RISC.v, 218, 83" value="1" type="GuiResourceData"/>
<property name="Top_RISC.v, 219, 94" value="1" type="GuiResourceData"/>
<property name="Top_RISC.v, 219, 94, false, false, false, false, true" value="1" type="GuiResourceData"/>
<property name="Top_RISC.v, 223, 473" value="1" type="GuiResourceData"/>
<property name="Top_RISC.v, 227, 439" value="1" type="GuiResourceData"/>
<property name="Top_RISC.v, 227, 439, false, false, false, false, true" value="1" type="GuiResourceData"/>
<property name="Top_RISC.v, 237, 407" value="1" type="GuiResourceData"/>
<property name="Top_RISC.v, 237, 407, false, false, false, false, true" value="1" type="GuiResourceData"/>
<property name="Top_RISC.v, 239, 399" value="1" type="GuiResourceData"/>
<property name="Top_RISC.v, 245, 404" value="1" type="GuiResourceData"/>
<property name="Top_RISC.v, 245, 520" value="2" type="GuiResourceData"/>
<property name="Top_RISC.v, 245, 520, false, false, false, false, true" value="1" type="GuiResourceData"/>
<property name="Top_RISC.v, 251, 545" value="1" type="GuiResourceData"/>
<property name="Top_RISC.v, 251, 545, false, false, false, false, true" value="1" type="GuiResourceData"/>
<property name="Top_RISC.v, 254, 122" value="1" type="GuiResourceData"/>
<property name="Top_RISC.v, 257, 319" value="1" type="GuiResourceData"/>
<property name="Top_RISC.v, 258, 535" value="1" type="GuiResourceData"/>
<property name="Top_RISC.v, 258, 535, false, false, false, false, true" value="1" type="GuiResourceData"/>
<property name="Top_RISC.v, 259, 198" value="1" type="GuiResourceData"/>
<property name="Top_RISC.v, 263, 122" value="1" type="GuiResourceData"/>
<property name="Top_RISC.v, 266, 300" value="1" type="GuiResourceData"/>
<property name="Top_RISC.v, 266, 300, false, false, false, false, true" value="1" type="GuiResourceData"/>
<property name="Top_RISC.v, 268, 505" value="1" type="GuiResourceData"/>
<property name="Top_RISC.v, 268, 505, false, false, false, false, true" value="1" type="GuiResourceData"/>
<property name="Top_RISC.v, 269, 508" value="1" type="GuiResourceData"/>
<property name="Top_RISC.v, 269, 559" value="1" type="GuiResourceData"/>
<property name="Top_RISC.v, 271, 200" value="1" type="GuiResourceData"/>
<property name="Top_RISC.v, 271, 467" value="1" type="GuiResourceData"/>
<property name="Top_RISC.v, 273, 126" value="1" type="GuiResourceData"/>
<property name="Top_RISC.v, 273, 126, false, false, false, false, true" value="1" type="GuiResourceData"/>
<property name="Top_RISC.v, 277, 535" value="1" type="GuiResourceData"/>
<property name="Top_RISC.v, 277, 535, false, false, false, false, true" value="1" type="GuiResourceData"/>
<property name="Top_RISC.v, 278, 453" value="1" type="GuiResourceData"/>
<property name="Top_RISC.v, 285, 519" value="1" type="GuiResourceData"/>
<property name="Top_RISC.v, 285, 519, false, false, false, false, true" value="1" type="GuiResourceData"/>
<property name="Top_RISC.v, 288, 155" value="1" type="GuiResourceData"/>
<property name="Top_RISC.v, 294, 231" value="1" type="GuiResourceData"/>
<property name="Top_RISC.v, 311, 402" value="1" type="GuiResourceData"/>
<property name="Top_RISC.v, 324, 371" value="1" type="GuiResourceData"/>
<property name="Top_RISC.v, 334, 367" value="1" type="GuiResourceData"/>
<property name="Top_RISC.v, 360, 163" value="1" type="GuiResourceData"/>
<property name="Top_RISC.v, 360, 163, false, false, false, false, true" value="1" type="GuiResourceData"/>
<property name="Top_RISC.v, 412, 401" value="1" type="GuiResourceData"/>
<property name="Top_RISC.v, 46, 249" value="1" type="GuiResourceData"/>
<property name="Top_RISC.v, 46, 249, false, false, false, false, true" value="1" type="GuiResourceData"/>
<property name="Top_RISC.v, 53, 435" value="1" type="GuiResourceData"/>
<property name="Top_RISC.v, 53, 435, false, false, false, false, true" value="1" type="GuiResourceData"/>
<property name="Top_RISC.v, 56, 268" value="1" type="GuiResourceData"/>
<property name="Top_RISC.v, 69, 222" value="1" type="GuiResourceData"/>
<property name="Top_RISC.v, 74, 265" value="1" type="GuiResourceData"/>
<property name="Top_RISC.v, 79, 80" value="1" type="GuiResourceData"/>
<property name="Top_RISC.v, 82, 130" value="1" type="GuiResourceData"/>
<property name="Top_RISC.v, 84, 565" value="1" type="GuiResourceData"/>
<property name="Top_RISC.v, 88, 162" value="1" type="GuiResourceData"/>
<property name="Top_RISC.v, 95, 135" value="3" type="GuiResourceData"/>
<property name="Top_RISC.v, 95, 135, false, false, false, false, true" value="1" type="GuiResourceData"/>
<property name="Top_RISC.v, 96, 243" value="1" type="GuiResourceData"/>
<property name="tb_RISCV_SoC.v, 111, 532" value="1" type="GuiResourceData"/>
<property name="tb_RISCV_SoC.v, 16, 118" value="1" type="GuiResourceData"/>
<property name="tb_RISCV_SoC.v, 184, 281" value="1" type="GuiResourceData"/>
<property name="tb_RISCV_SoC.v, 33, 240" value="1" type="GuiResourceData"/>
<property name="tb_RISCV_SoC.v, 61, 163" value="1" type="GuiResourceData"/>
<property name="tb_RISCV_SoC.v, 68, 129" value="1" type="GuiResourceData"/>
<property name="tb_RISCV_SoC.v, 68, 465" value="1" type="GuiResourceData"/>
<property name="tb_RISCV_SoC.v, 71, 350" value="1" type="GuiResourceData"/>
<property name="tb_RISCV_SoC.v, 72, 172" value="1" type="GuiResourceData"/>
<property name="tb_RISCV_SoC.v, 73, 452" value="1" type="GuiResourceData"/>
<property name="tb_RISCV_SoC.v, 76, 141" value="1" type="GuiResourceData"/>
<property name="tb_RISCV_SoC.v, 87, 451" value="1" type="GuiResourceData"/>
</item>
<item name="Other">
<property name="GuiMode" value="11" type="GuiMode"/>
<property name="BatchMode" value="0" type="BatchMode"/>
<property name="TclMode" value="5" type="TclMode"/>
</item>
</section>
</application>
</document>
