<?xml version="1.0" encoding="UTF-8"?>
<!-- Product Version: Vivado v2016.1 (64-bit)                     -->
<!--                                                              -->
<!-- Copyright 1986-2016 Xilinx, Inc. All Rights Reserved.        -->

<hwsession version="1" minor="1">
  <device name="xc7z010_1" gui_info="dashboard1=hw_ila_1[xc7z010_1/hw_ila_1/Settings=ILA_SETTINGS_1;xc7z010_1/hw_ila_1/Status=ILA_STATUS_1;xc7z010_1/hw_ila_1/Capture Setup=ILA_CAPTURE_1;xc7z010_1/hw_ila_1/Waveform=ILA_WAVE_1;xc7z010_1/hw_ila_1/Trigger Setup=ILA_TRIGGER_1;]"/>
  <ObjectList object_type="hw_device" gui_info="">
    <Object name="xc7z010_1" gui_info="">
      <Properties Property="PROBES.FILE" value="$_project_name_.runs/impl_3/debug_nets.ltx"/>
      <Properties Property="PROGRAM.HW_BITSTREAM" value="$_project_name_.runs/impl_3/RISCV_SoC.bit"/>
    </Object>
  </ObjectList>
  <ObjectList object_type="hw_ila" gui_info="">
    <Object name="u_ila_0" gui_info="">
      <Properties Property="CONTROL.TRIGGER_CONDITION" value="OR"/>
      <Properties Property="CORE_REFRESH_RATE_MS" value="500"/>
    </Object>
  </ObjectList>
  <ObjectList object_type="hw_probe" gui_info="">
    <Object name="RISCV/Memory/data[0]_363[31:0]" gui_info=""/>
    <Object name="RISCV/Memory/data[1]_604[31:0]" gui_info="Trigger Setup=0"/>
    <Object name="reset_IBUF" gui_info="Trigger Setup=0"/>
  </ObjectList>
  <probeset name="hw project" active="false">
    <probe type="ila" busType="net" source="netlist" spec="ILA_V2_RT">
      <probeOptions Id="DebugProbeParams">
        <Option Id="CAPTURE_COMPARE_VALUE" value="eq8&apos;hXX"/>
        <Option Id="COMPARE_VALUE.0" value="eq8&apos;hXX"/>
        <Option Id="DISPLAY_HINT" value=""/>
        <Option Id="DISPLAY_VISIBILITY" value=""/>
        <Option Id="HW_ILA" value="hw_ila_1"/>
        <Option Id="MAP" value="probe0[7:0]"/>
        <Option Id="NAME.CUSTOM" value=""/>
        <Option Id="NAME.SELECT" value="Long"/>
        <Option Id="SOURCE" value="netlist"/>
        <Option Id="TRIGGER_COMPARE_VALUE" value="eq8&apos;hXX"/>
      </probeOptions>
      <nets>
        <net name="RISCV/Memory/chipMem_1_0[0]__0[7]"/>
        <net name="RISCV/Memory/chipMem_1_0[0]__0[6]"/>
        <net name="RISCV/Memory/chipMem_1_0[0]__0[5]"/>
        <net name="RISCV/Memory/chipMem_1_0[0]__0[4]"/>
        <net name="RISCV/Memory/chipMem_1_0[0]__0[3]"/>
        <net name="RISCV/Memory/chipMem_1_0[0]__0[2]"/>
        <net name="RISCV/Memory/chipMem_1_0[0]__0[1]"/>
        <net name="RISCV/Memory/chipMem_1_0[0]__0[0]"/>
      </nets>
    </probe>
    <probe type="ila" busType="net" source="netlist" spec="ILA_V2_RT">
      <probeOptions Id="DebugProbeParams">
        <Option Id="CAPTURE_COMPARE_VALUE" value="eq8&apos;hXX"/>
        <Option Id="COMPARE_VALUE.0" value="eq8&apos;hXX"/>
        <Option Id="DISPLAY_HINT" value=""/>
        <Option Id="DISPLAY_VISIBILITY" value=""/>
        <Option Id="HW_ILA" value="hw_ila_1"/>
        <Option Id="MAP" value="probe1[7:0]"/>
        <Option Id="NAME.CUSTOM" value=""/>
        <Option Id="NAME.SELECT" value="Long"/>
        <Option Id="SOURCE" value="netlist"/>
        <Option Id="TRIGGER_COMPARE_VALUE" value="eq8&apos;hXX"/>
      </probeOptions>
      <nets>
        <net name="RISCV/Memory/chipMem_1_0[10][7]"/>
        <net name="RISCV/Memory/chipMem_1_0[10][6]"/>
        <net name="RISCV/Memory/chipMem_1_0[10][5]"/>
        <net name="RISCV/Memory/chipMem_1_0[10][4]"/>
        <net name="RISCV/Memory/chipMem_1_0[10][3]"/>
        <net name="RISCV/Memory/chipMem_1_0[10][2]"/>
        <net name="RISCV/Memory/chipMem_1_0[10][1]"/>
        <net name="RISCV/Memory/chipMem_1_0[10][0]"/>
      </nets>
    </probe>
    <probe type="ila" busType="net" source="netlist" spec="ILA_V2_RT">
      <probeOptions Id="DebugProbeParams">
        <Option Id="CAPTURE_COMPARE_VALUE" value="eq8&apos;hXX"/>
        <Option Id="COMPARE_VALUE.0" value="eq8&apos;hXX"/>
        <Option Id="DISPLAY_HINT" value=""/>
        <Option Id="DISPLAY_VISIBILITY" value=""/>
        <Option Id="HW_ILA" value="hw_ila_1"/>
        <Option Id="MAP" value="probe20[7:0]"/>
        <Option Id="NAME.CUSTOM" value=""/>
        <Option Id="NAME.SELECT" value="Long"/>
        <Option Id="SOURCE" value="netlist"/>
        <Option Id="TRIGGER_COMPARE_VALUE" value="eq8&apos;hXX"/>
      </probeOptions>
      <nets>
        <net name="RISCV/Memory/chipMem_1_0[11][7]"/>
        <net name="RISCV/Memory/chipMem_1_0[11][6]"/>
        <net name="RISCV/Memory/chipMem_1_0[11][5]"/>
        <net name="RISCV/Memory/chipMem_1_0[11][4]"/>
        <net name="RISCV/Memory/chipMem_1_0[11][3]"/>
        <net name="RISCV/Memory/chipMem_1_0[11][2]"/>
        <net name="RISCV/Memory/chipMem_1_0[11][1]"/>
        <net name="RISCV/Memory/chipMem_1_0[11][0]"/>
      </nets>
    </probe>
    <probe type="ila" busType="net" source="netlist" spec="ILA_V2_RT">
      <probeOptions Id="DebugProbeParams">
        <Option Id="CAPTURE_COMPARE_VALUE" value="eq8&apos;hXX"/>
        <Option Id="COMPARE_VALUE.0" value="eq8&apos;hXX"/>
        <Option Id="DISPLAY_HINT" value=""/>
        <Option Id="DISPLAY_VISIBILITY" value=""/>
        <Option Id="HW_ILA" value="hw_ila_1"/>
        <Option Id="MAP" value="probe19[7:0]"/>
        <Option Id="NAME.CUSTOM" value=""/>
        <Option Id="NAME.SELECT" value="Long"/>
        <Option Id="SOURCE" value="netlist"/>
        <Option Id="TRIGGER_COMPARE_VALUE" value="eq8&apos;hXX"/>
      </probeOptions>
      <nets>
        <net name="RISCV/Memory/chipMem_1_0[12][7]"/>
        <net name="RISCV/Memory/chipMem_1_0[12][6]"/>
        <net name="RISCV/Memory/chipMem_1_0[12][5]"/>
        <net name="RISCV/Memory/chipMem_1_0[12][4]"/>
        <net name="RISCV/Memory/chipMem_1_0[12][3]"/>
        <net name="RISCV/Memory/chipMem_1_0[12][2]"/>
        <net name="RISCV/Memory/chipMem_1_0[12][1]"/>
        <net name="RISCV/Memory/chipMem_1_0[12][0]"/>
      </nets>
    </probe>
    <probe type="ila" busType="net" source="netlist" spec="ILA_V2_RT">
      <probeOptions Id="DebugProbeParams">
        <Option Id="CAPTURE_COMPARE_VALUE" value="eq8&apos;hXX"/>
        <Option Id="COMPARE_VALUE.0" value="eq8&apos;hXX"/>
        <Option Id="DISPLAY_HINT" value=""/>
        <Option Id="DISPLAY_VISIBILITY" value=""/>
        <Option Id="HW_ILA" value="hw_ila_1"/>
        <Option Id="MAP" value="probe18[7:0]"/>
        <Option Id="NAME.CUSTOM" value=""/>
        <Option Id="NAME.SELECT" value="Long"/>
        <Option Id="SOURCE" value="netlist"/>
        <Option Id="TRIGGER_COMPARE_VALUE" value="eq8&apos;hXX"/>
      </probeOptions>
      <nets>
        <net name="RISCV/Memory/chipMem_1_0[13][7]"/>
        <net name="RISCV/Memory/chipMem_1_0[13][6]"/>
        <net name="RISCV/Memory/chipMem_1_0[13][5]"/>
        <net name="RISCV/Memory/chipMem_1_0[13][4]"/>
        <net name="RISCV/Memory/chipMem_1_0[13][3]"/>
        <net name="RISCV/Memory/chipMem_1_0[13][2]"/>
        <net name="RISCV/Memory/chipMem_1_0[13][1]"/>
        <net name="RISCV/Memory/chipMem_1_0[13][0]"/>
      </nets>
    </probe>
    <probe type="ila" busType="net" source="netlist" spec="ILA_V2_RT">
      <probeOptions Id="DebugProbeParams">
        <Option Id="CAPTURE_COMPARE_VALUE" value="eq8&apos;hXX"/>
        <Option Id="COMPARE_VALUE.0" value="eq8&apos;hXX"/>
        <Option Id="DISPLAY_HINT" value=""/>
        <Option Id="DISPLAY_VISIBILITY" value=""/>
        <Option Id="HW_ILA" value="hw_ila_1"/>
        <Option Id="MAP" value="probe17[7:0]"/>
        <Option Id="NAME.CUSTOM" value=""/>
        <Option Id="NAME.SELECT" value="Long"/>
        <Option Id="SOURCE" value="netlist"/>
        <Option Id="TRIGGER_COMPARE_VALUE" value="eq8&apos;hXX"/>
      </probeOptions>
      <nets>
        <net name="RISCV/Memory/chipMem_1_0[14][7]"/>
        <net name="RISCV/Memory/chipMem_1_0[14][6]"/>
        <net name="RISCV/Memory/chipMem_1_0[14][5]"/>
        <net name="RISCV/Memory/chipMem_1_0[14][4]"/>
        <net name="RISCV/Memory/chipMem_1_0[14][3]"/>
        <net name="RISCV/Memory/chipMem_1_0[14][2]"/>
        <net name="RISCV/Memory/chipMem_1_0[14][1]"/>
        <net name="RISCV/Memory/chipMem_1_0[14][0]"/>
      </nets>
    </probe>
    <probe type="ila" busType="net" source="netlist" spec="ILA_V2_RT">
      <probeOptions Id="DebugProbeParams">
        <Option Id="CAPTURE_COMPARE_VALUE" value="eq8&apos;hXX"/>
        <Option Id="COMPARE_VALUE.0" value="eq8&apos;hXX"/>
        <Option Id="DISPLAY_HINT" value=""/>
        <Option Id="DISPLAY_VISIBILITY" value=""/>
        <Option Id="HW_ILA" value="hw_ila_1"/>
        <Option Id="MAP" value="probe16[7:0]"/>
        <Option Id="NAME.CUSTOM" value=""/>
        <Option Id="NAME.SELECT" value="Long"/>
        <Option Id="SOURCE" value="netlist"/>
        <Option Id="TRIGGER_COMPARE_VALUE" value="eq8&apos;hXX"/>
      </probeOptions>
      <nets>
        <net name="RISCV/Memory/chipMem_1_0[15][7]"/>
        <net name="RISCV/Memory/chipMem_1_0[15][6]"/>
        <net name="RISCV/Memory/chipMem_1_0[15][5]"/>
        <net name="RISCV/Memory/chipMem_1_0[15][4]"/>
        <net name="RISCV/Memory/chipMem_1_0[15][3]"/>
        <net name="RISCV/Memory/chipMem_1_0[15][2]"/>
        <net name="RISCV/Memory/chipMem_1_0[15][1]"/>
        <net name="RISCV/Memory/chipMem_1_0[15][0]"/>
      </nets>
    </probe>
    <probe type="ila" busType="net" source="netlist" spec="ILA_V2_RT">
      <probeOptions Id="DebugProbeParams">
        <Option Id="CAPTURE_COMPARE_VALUE" value="eq8&apos;hXX"/>
        <Option Id="COMPARE_VALUE.0" value="eq8&apos;hXX"/>
        <Option Id="DISPLAY_HINT" value=""/>
        <Option Id="DISPLAY_VISIBILITY" value=""/>
        <Option Id="HW_ILA" value="hw_ila_1"/>
        <Option Id="MAP" value="probe15[7:0]"/>
        <Option Id="NAME.CUSTOM" value=""/>
        <Option Id="NAME.SELECT" value="Long"/>
        <Option Id="SOURCE" value="netlist"/>
        <Option Id="TRIGGER_COMPARE_VALUE" value="eq8&apos;hXX"/>
      </probeOptions>
      <nets>
        <net name="RISCV/Memory/chipMem_1_0[16][7]"/>
        <net name="RISCV/Memory/chipMem_1_0[16][6]"/>
        <net name="RISCV/Memory/chipMem_1_0[16][5]"/>
        <net name="RISCV/Memory/chipMem_1_0[16][4]"/>
        <net name="RISCV/Memory/chipMem_1_0[16][3]"/>
        <net name="RISCV/Memory/chipMem_1_0[16][2]"/>
        <net name="RISCV/Memory/chipMem_1_0[16][1]"/>
        <net name="RISCV/Memory/chipMem_1_0[16][0]"/>
      </nets>
    </probe>
    <probe type="ila" busType="net" source="netlist" spec="ILA_V2_RT">
      <probeOptions Id="DebugProbeParams">
        <Option Id="CAPTURE_COMPARE_VALUE" value="eq8&apos;hXX"/>
        <Option Id="COMPARE_VALUE.0" value="eq8&apos;hXX"/>
        <Option Id="DISPLAY_HINT" value=""/>
        <Option Id="DISPLAY_VISIBILITY" value=""/>
        <Option Id="HW_ILA" value="hw_ila_1"/>
        <Option Id="MAP" value="probe14[7:0]"/>
        <Option Id="NAME.CUSTOM" value=""/>
        <Option Id="NAME.SELECT" value="Long"/>
        <Option Id="SOURCE" value="netlist"/>
        <Option Id="TRIGGER_COMPARE_VALUE" value="eq8&apos;hXX"/>
      </probeOptions>
      <nets>
        <net name="RISCV/Memory/chipMem_1_0[17][7]"/>
        <net name="RISCV/Memory/chipMem_1_0[17][6]"/>
        <net name="RISCV/Memory/chipMem_1_0[17][5]"/>
        <net name="RISCV/Memory/chipMem_1_0[17][4]"/>
        <net name="RISCV/Memory/chipMem_1_0[17][3]"/>
        <net name="RISCV/Memory/chipMem_1_0[17][2]"/>
        <net name="RISCV/Memory/chipMem_1_0[17][1]"/>
        <net name="RISCV/Memory/chipMem_1_0[17][0]"/>
      </nets>
    </probe>
    <probe type="ila" busType="net" source="netlist" spec="ILA_V2_RT">
      <probeOptions Id="DebugProbeParams">
        <Option Id="CAPTURE_COMPARE_VALUE" value="eq8&apos;hXX"/>
        <Option Id="COMPARE_VALUE.0" value="eq8&apos;hXX"/>
        <Option Id="DISPLAY_HINT" value=""/>
        <Option Id="DISPLAY_VISIBILITY" value=""/>
        <Option Id="HW_ILA" value="hw_ila_1"/>
        <Option Id="MAP" value="probe13[7:0]"/>
        <Option Id="NAME.CUSTOM" value=""/>
        <Option Id="NAME.SELECT" value="Long"/>
        <Option Id="SOURCE" value="netlist"/>
        <Option Id="TRIGGER_COMPARE_VALUE" value="eq8&apos;hXX"/>
      </probeOptions>
      <nets>
        <net name="RISCV/Memory/chipMem_1_0[18][7]"/>
        <net name="RISCV/Memory/chipMem_1_0[18][6]"/>
        <net name="RISCV/Memory/chipMem_1_0[18][5]"/>
        <net name="RISCV/Memory/chipMem_1_0[18][4]"/>
        <net name="RISCV/Memory/chipMem_1_0[18][3]"/>
        <net name="RISCV/Memory/chipMem_1_0[18][2]"/>
        <net name="RISCV/Memory/chipMem_1_0[18][1]"/>
        <net name="RISCV/Memory/chipMem_1_0[18][0]"/>
      </nets>
    </probe>
    <probe type="ila" busType="net" source="netlist" spec="ILA_V2_RT">
      <probeOptions Id="DebugProbeParams">
        <Option Id="CAPTURE_COMPARE_VALUE" value="eq8&apos;hXX"/>
        <Option Id="COMPARE_VALUE.0" value="eq8&apos;hXX"/>
        <Option Id="DISPLAY_HINT" value=""/>
        <Option Id="DISPLAY_VISIBILITY" value=""/>
        <Option Id="HW_ILA" value="hw_ila_1"/>
        <Option Id="MAP" value="probe12[7:0]"/>
        <Option Id="NAME.CUSTOM" value=""/>
        <Option Id="NAME.SELECT" value="Long"/>
        <Option Id="SOURCE" value="netlist"/>
        <Option Id="TRIGGER_COMPARE_VALUE" value="eq8&apos;hXX"/>
      </probeOptions>
      <nets>
        <net name="RISCV/Memory/chipMem_1_0[19][7]"/>
        <net name="RISCV/Memory/chipMem_1_0[19][6]"/>
        <net name="RISCV/Memory/chipMem_1_0[19][5]"/>
        <net name="RISCV/Memory/chipMem_1_0[19][4]"/>
        <net name="RISCV/Memory/chipMem_1_0[19][3]"/>
        <net name="RISCV/Memory/chipMem_1_0[19][2]"/>
        <net name="RISCV/Memory/chipMem_1_0[19][1]"/>
        <net name="RISCV/Memory/chipMem_1_0[19][0]"/>
      </nets>
    </probe>
    <probe type="ila" busType="net" source="netlist" spec="ILA_V2_RT">
      <probeOptions Id="DebugProbeParams">
        <Option Id="CAPTURE_COMPARE_VALUE" value="eq8&apos;hXX"/>
        <Option Id="COMPARE_VALUE.0" value="eq8&apos;hXX"/>
        <Option Id="DISPLAY_HINT" value=""/>
        <Option Id="DISPLAY_VISIBILITY" value=""/>
        <Option Id="HW_ILA" value="hw_ila_1"/>
        <Option Id="MAP" value="probe11[7:0]"/>
        <Option Id="NAME.CUSTOM" value=""/>
        <Option Id="NAME.SELECT" value="Long"/>
        <Option Id="SOURCE" value="netlist"/>
        <Option Id="TRIGGER_COMPARE_VALUE" value="eq8&apos;hXX"/>
      </probeOptions>
      <nets>
        <net name="RISCV/Memory/chipMem_1_0[1]__0[7]"/>
        <net name="RISCV/Memory/chipMem_1_0[1]__0[6]"/>
        <net name="RISCV/Memory/chipMem_1_0[1]__0[5]"/>
        <net name="RISCV/Memory/chipMem_1_0[1]__0[4]"/>
        <net name="RISCV/Memory/chipMem_1_0[1]__0[3]"/>
        <net name="RISCV/Memory/chipMem_1_0[1]__0[2]"/>
        <net name="RISCV/Memory/chipMem_1_0[1]__0[1]"/>
        <net name="RISCV/Memory/chipMem_1_0[1]__0[0]"/>
      </nets>
    </probe>
    <probe type="ila" busType="net" source="netlist" spec="ILA_V2_RT">
      <probeOptions Id="DebugProbeParams">
        <Option Id="CAPTURE_COMPARE_VALUE" value="eq8&apos;hXX"/>
        <Option Id="COMPARE_VALUE.0" value="eq8&apos;hXX"/>
        <Option Id="DISPLAY_HINT" value=""/>
        <Option Id="DISPLAY_VISIBILITY" value=""/>
        <Option Id="HW_ILA" value="hw_ila_1"/>
        <Option Id="MAP" value="probe10[7:0]"/>
        <Option Id="NAME.CUSTOM" value=""/>
        <Option Id="NAME.SELECT" value="Long"/>
        <Option Id="SOURCE" value="netlist"/>
        <Option Id="TRIGGER_COMPARE_VALUE" value="eq8&apos;hXX"/>
      </probeOptions>
      <nets>
        <net name="RISCV/Memory/chipMem_1_0[20][7]"/>
        <net name="RISCV/Memory/chipMem_1_0[20][6]"/>
        <net name="RISCV/Memory/chipMem_1_0[20][5]"/>
        <net name="RISCV/Memory/chipMem_1_0[20][4]"/>
        <net name="RISCV/Memory/chipMem_1_0[20][3]"/>
        <net name="RISCV/Memory/chipMem_1_0[20][2]"/>
        <net name="RISCV/Memory/chipMem_1_0[20][1]"/>
        <net name="RISCV/Memory/chipMem_1_0[20][0]"/>
      </nets>
    </probe>
    <probe type="ila" busType="net" source="netlist" spec="ILA_V2_RT">
      <probeOptions Id="DebugProbeParams">
        <Option Id="CAPTURE_COMPARE_VALUE" value="eq8&apos;hXX"/>
        <Option Id="COMPARE_VALUE.0" value="eq8&apos;hXX"/>
        <Option Id="DISPLAY_HINT" value=""/>
        <Option Id="DISPLAY_VISIBILITY" value=""/>
        <Option Id="HW_ILA" value="hw_ila_1"/>
        <Option Id="MAP" value="probe9[7:0]"/>
        <Option Id="NAME.CUSTOM" value=""/>
        <Option Id="NAME.SELECT" value="Long"/>
        <Option Id="SOURCE" value="netlist"/>
        <Option Id="TRIGGER_COMPARE_VALUE" value="eq8&apos;hXX"/>
      </probeOptions>
      <nets>
        <net name="RISCV/Memory/chipMem_1_0[2]__0[7]"/>
        <net name="RISCV/Memory/chipMem_1_0[2]__0[6]"/>
        <net name="RISCV/Memory/chipMem_1_0[2]__0[5]"/>
        <net name="RISCV/Memory/chipMem_1_0[2]__0[4]"/>
        <net name="RISCV/Memory/chipMem_1_0[2]__0[3]"/>
        <net name="RISCV/Memory/chipMem_1_0[2]__0[2]"/>
        <net name="RISCV/Memory/chipMem_1_0[2]__0[1]"/>
        <net name="RISCV/Memory/chipMem_1_0[2]__0[0]"/>
      </nets>
    </probe>
    <probe type="ila" busType="net" source="netlist" spec="ILA_V2_RT">
      <probeOptions Id="DebugProbeParams">
        <Option Id="CAPTURE_COMPARE_VALUE" value="eq8&apos;hXX"/>
        <Option Id="COMPARE_VALUE.0" value="eq8&apos;hXX"/>
        <Option Id="DISPLAY_HINT" value=""/>
        <Option Id="DISPLAY_VISIBILITY" value=""/>
        <Option Id="HW_ILA" value="hw_ila_1"/>
        <Option Id="MAP" value="probe8[7:0]"/>
        <Option Id="NAME.CUSTOM" value=""/>
        <Option Id="NAME.SELECT" value="Long"/>
        <Option Id="SOURCE" value="netlist"/>
        <Option Id="TRIGGER_COMPARE_VALUE" value="eq8&apos;hXX"/>
      </probeOptions>
      <nets>
        <net name="RISCV/Memory/chipMem_1_0[3]__0[7]"/>
        <net name="RISCV/Memory/chipMem_1_0[3]__0[6]"/>
        <net name="RISCV/Memory/chipMem_1_0[3]__0[5]"/>
        <net name="RISCV/Memory/chipMem_1_0[3]__0[4]"/>
        <net name="RISCV/Memory/chipMem_1_0[3]__0[3]"/>
        <net name="RISCV/Memory/chipMem_1_0[3]__0[2]"/>
        <net name="RISCV/Memory/chipMem_1_0[3]__0[1]"/>
        <net name="RISCV/Memory/chipMem_1_0[3]__0[0]"/>
      </nets>
    </probe>
    <probe type="ila" busType="net" source="netlist" spec="ILA_V2_RT">
      <probeOptions Id="DebugProbeParams">
        <Option Id="CAPTURE_COMPARE_VALUE" value="eq8&apos;hXX"/>
        <Option Id="COMPARE_VALUE.0" value="eq8&apos;hXX"/>
        <Option Id="DISPLAY_HINT" value=""/>
        <Option Id="DISPLAY_VISIBILITY" value=""/>
        <Option Id="HW_ILA" value="hw_ila_1"/>
        <Option Id="MAP" value="probe7[7:0]"/>
        <Option Id="NAME.CUSTOM" value=""/>
        <Option Id="NAME.SELECT" value="Long"/>
        <Option Id="SOURCE" value="netlist"/>
        <Option Id="TRIGGER_COMPARE_VALUE" value="eq8&apos;hXX"/>
      </probeOptions>
      <nets>
        <net name="RISCV/Memory/chipMem_1_0[4]__0[7]"/>
        <net name="RISCV/Memory/chipMem_1_0[4]__0[6]"/>
        <net name="RISCV/Memory/chipMem_1_0[4]__0[5]"/>
        <net name="RISCV/Memory/chipMem_1_0[4]__0[4]"/>
        <net name="RISCV/Memory/chipMem_1_0[4]__0[3]"/>
        <net name="RISCV/Memory/chipMem_1_0[4]__0[2]"/>
        <net name="RISCV/Memory/chipMem_1_0[4]__0[1]"/>
        <net name="RISCV/Memory/chipMem_1_0[4]__0[0]"/>
      </nets>
    </probe>
    <probe type="ila" busType="net" source="netlist" spec="ILA_V2_RT">
      <probeOptions Id="DebugProbeParams">
        <Option Id="CAPTURE_COMPARE_VALUE" value="eq8&apos;hXX"/>
        <Option Id="COMPARE_VALUE.0" value="eq8&apos;hXX"/>
        <Option Id="DISPLAY_HINT" value=""/>
        <Option Id="DISPLAY_VISIBILITY" value=""/>
        <Option Id="HW_ILA" value="hw_ila_1"/>
        <Option Id="MAP" value="probe6[7:0]"/>
        <Option Id="NAME.CUSTOM" value=""/>
        <Option Id="NAME.SELECT" value="Long"/>
        <Option Id="SOURCE" value="netlist"/>
        <Option Id="TRIGGER_COMPARE_VALUE" value="eq8&apos;hXX"/>
      </probeOptions>
      <nets>
        <net name="RISCV/Memory/chipMem_1_0[5]__0[7]"/>
        <net name="RISCV/Memory/chipMem_1_0[5]__0[6]"/>
        <net name="RISCV/Memory/chipMem_1_0[5]__0[5]"/>
        <net name="RISCV/Memory/chipMem_1_0[5]__0[4]"/>
        <net name="RISCV/Memory/chipMem_1_0[5]__0[3]"/>
        <net name="RISCV/Memory/chipMem_1_0[5]__0[2]"/>
        <net name="RISCV/Memory/chipMem_1_0[5]__0[1]"/>
        <net name="RISCV/Memory/chipMem_1_0[5]__0[0]"/>
      </nets>
    </probe>
    <probe type="ila" busType="net" source="netlist" spec="ILA_V2_RT">
      <probeOptions Id="DebugProbeParams">
        <Option Id="CAPTURE_COMPARE_VALUE" value="eq8&apos;hXX"/>
        <Option Id="COMPARE_VALUE.0" value="eq8&apos;hXX"/>
        <Option Id="DISPLAY_HINT" value=""/>
        <Option Id="DISPLAY_VISIBILITY" value=""/>
        <Option Id="HW_ILA" value="hw_ila_1"/>
        <Option Id="MAP" value="probe5[7:0]"/>
        <Option Id="NAME.CUSTOM" value=""/>
        <Option Id="NAME.SELECT" value="Long"/>
        <Option Id="SOURCE" value="netlist"/>
        <Option Id="TRIGGER_COMPARE_VALUE" value="eq8&apos;hXX"/>
      </probeOptions>
      <nets>
        <net name="RISCV/Memory/chipMem_1_0[6]__0[7]"/>
        <net name="RISCV/Memory/chipMem_1_0[6]__0[6]"/>
        <net name="RISCV/Memory/chipMem_1_0[6]__0[5]"/>
        <net name="RISCV/Memory/chipMem_1_0[6]__0[4]"/>
        <net name="RISCV/Memory/chipMem_1_0[6]__0[3]"/>
        <net name="RISCV/Memory/chipMem_1_0[6]__0[2]"/>
        <net name="RISCV/Memory/chipMem_1_0[6]__0[1]"/>
        <net name="RISCV/Memory/chipMem_1_0[6]__0[0]"/>
      </nets>
    </probe>
    <probe type="ila" busType="net" source="netlist" spec="ILA_V2_RT">
      <probeOptions Id="DebugProbeParams">
        <Option Id="CAPTURE_COMPARE_VALUE" value="eq8&apos;hXX"/>
        <Option Id="COMPARE_VALUE.0" value="eq8&apos;hXX"/>
        <Option Id="DISPLAY_HINT" value=""/>
        <Option Id="DISPLAY_VISIBILITY" value=""/>
        <Option Id="HW_ILA" value="hw_ila_1"/>
        <Option Id="MAP" value="probe4[7:0]"/>
        <Option Id="NAME.CUSTOM" value=""/>
        <Option Id="NAME.SELECT" value="Long"/>
        <Option Id="SOURCE" value="netlist"/>
        <Option Id="TRIGGER_COMPARE_VALUE" value="eq8&apos;hXX"/>
      </probeOptions>
      <nets>
        <net name="RISCV/Memory/chipMem_1_0[7]__0[7]"/>
        <net name="RISCV/Memory/chipMem_1_0[7]__0[6]"/>
        <net name="RISCV/Memory/chipMem_1_0[7]__0[5]"/>
        <net name="RISCV/Memory/chipMem_1_0[7]__0[4]"/>
        <net name="RISCV/Memory/chipMem_1_0[7]__0[3]"/>
        <net name="RISCV/Memory/chipMem_1_0[7]__0[2]"/>
        <net name="RISCV/Memory/chipMem_1_0[7]__0[1]"/>
        <net name="RISCV/Memory/chipMem_1_0[7]__0[0]"/>
      </nets>
    </probe>
    <probe type="ila" busType="net" source="netlist" spec="ILA_V2_RT">
      <probeOptions Id="DebugProbeParams">
        <Option Id="CAPTURE_COMPARE_VALUE" value="eq8&apos;hXX"/>
        <Option Id="COMPARE_VALUE.0" value="eq8&apos;hXX"/>
        <Option Id="DISPLAY_HINT" value=""/>
        <Option Id="DISPLAY_VISIBILITY" value=""/>
        <Option Id="HW_ILA" value="hw_ila_1"/>
        <Option Id="MAP" value="probe3[7:0]"/>
        <Option Id="NAME.CUSTOM" value=""/>
        <Option Id="NAME.SELECT" value="Long"/>
        <Option Id="SOURCE" value="netlist"/>
        <Option Id="TRIGGER_COMPARE_VALUE" value="eq8&apos;hXX"/>
      </probeOptions>
      <nets>
        <net name="RISCV/Memory/chipMem_1_0[8][7]"/>
        <net name="RISCV/Memory/chipMem_1_0[8][6]"/>
        <net name="RISCV/Memory/chipMem_1_0[8][5]"/>
        <net name="RISCV/Memory/chipMem_1_0[8][4]"/>
        <net name="RISCV/Memory/chipMem_1_0[8][3]"/>
        <net name="RISCV/Memory/chipMem_1_0[8][2]"/>
        <net name="RISCV/Memory/chipMem_1_0[8][1]"/>
        <net name="RISCV/Memory/chipMem_1_0[8][0]"/>
      </nets>
    </probe>
    <probe type="ila" busType="net" source="netlist" spec="ILA_V2_RT">
      <probeOptions Id="DebugProbeParams">
        <Option Id="CAPTURE_COMPARE_VALUE" value="eq8&apos;hXX"/>
        <Option Id="COMPARE_VALUE.0" value="eq8&apos;hXX"/>
        <Option Id="DISPLAY_HINT" value=""/>
        <Option Id="DISPLAY_VISIBILITY" value=""/>
        <Option Id="HW_ILA" value="hw_ila_1"/>
        <Option Id="MAP" value="probe2[7:0]"/>
        <Option Id="NAME.CUSTOM" value=""/>
        <Option Id="NAME.SELECT" value="Long"/>
        <Option Id="SOURCE" value="netlist"/>
        <Option Id="TRIGGER_COMPARE_VALUE" value="eq8&apos;hXX"/>
      </probeOptions>
      <nets>
        <net name="RISCV/Memory/chipMem_1_0[9][7]"/>
        <net name="RISCV/Memory/chipMem_1_0[9][6]"/>
        <net name="RISCV/Memory/chipMem_1_0[9][5]"/>
        <net name="RISCV/Memory/chipMem_1_0[9][4]"/>
        <net name="RISCV/Memory/chipMem_1_0[9][3]"/>
        <net name="RISCV/Memory/chipMem_1_0[9][2]"/>
        <net name="RISCV/Memory/chipMem_1_0[9][1]"/>
        <net name="RISCV/Memory/chipMem_1_0[9][0]"/>
      </nets>
    </probe>
    <probe type="ila" busType="net" source="netlist" spec="ILA_V2_RT">
      <probeOptions Id="DebugProbeParams">
        <Option Id="CAPTURE_COMPARE_VALUE" value="eq32&apos;hXXXX_XXXX"/>
        <Option Id="COMPARE_VALUE.0" value="eq32&apos;hXXXX_XXXX"/>
        <Option Id="DISPLAY_HINT" value=""/>
        <Option Id="DISPLAY_VISIBILITY" value=""/>
        <Option Id="HW_ILA" value="hw_ila_1"/>
        <Option Id="MAP" value="probe0[31:0]"/>
        <Option Id="NAME.CUSTOM" value=""/>
        <Option Id="NAME.SELECT" value="Long"/>
        <Option Id="SOURCE" value="netlist"/>
        <Option Id="TRIGGER_COMPARE_VALUE" value="eq32&apos;hXXXX_XXXX"/>
      </probeOptions>
      <nets>
        <net name="RISCV/Memory/data[0]_363[31]"/>
        <net name="RISCV/Memory/data[0]_363[30]"/>
        <net name="RISCV/Memory/data[0]_363[29]"/>
        <net name="RISCV/Memory/data[0]_363[28]"/>
        <net name="RISCV/Memory/data[0]_363[27]"/>
        <net name="RISCV/Memory/data[0]_363[26]"/>
        <net name="RISCV/Memory/data[0]_363[25]"/>
        <net name="RISCV/Memory/data[0]_363[24]"/>
        <net name="RISCV/Memory/data[0]_363[23]"/>
        <net name="RISCV/Memory/data[0]_363[22]"/>
        <net name="RISCV/Memory/data[0]_363[21]"/>
        <net name="RISCV/Memory/data[0]_363[20]"/>
        <net name="RISCV/Memory/data[0]_363[19]"/>
        <net name="RISCV/Memory/data[0]_363[18]"/>
        <net name="RISCV/Memory/data[0]_363[17]"/>
        <net name="RISCV/Memory/data[0]_363[16]"/>
        <net name="RISCV/Memory/data[0]_363[15]"/>
        <net name="RISCV/Memory/data[0]_363[14]"/>
        <net name="RISCV/Memory/data[0]_363[13]"/>
        <net name="RISCV/Memory/data[0]_363[12]"/>
        <net name="RISCV/Memory/data[0]_363[11]"/>
        <net name="RISCV/Memory/data[0]_363[10]"/>
        <net name="RISCV/Memory/data[0]_363[9]"/>
        <net name="RISCV/Memory/data[0]_363[8]"/>
        <net name="RISCV/Memory/data[0]_363[7]"/>
        <net name="RISCV/Memory/data[0]_363[6]"/>
        <net name="RISCV/Memory/data[0]_363[5]"/>
        <net name="RISCV/Memory/data[0]_363[4]"/>
        <net name="RISCV/Memory/data[0]_363[3]"/>
        <net name="RISCV/Memory/data[0]_363[2]"/>
        <net name="RISCV/Memory/data[0]_363[1]"/>
        <net name="RISCV/Memory/data[0]_363[0]"/>
      </nets>
    </probe>
    <probe type="ila" busType="bus" source="netlist" spec="ILA_V2_RT">
      <probeOptions Id="DebugProbeParams">
        <Option Id="CAPTURE_COMPARE_VALUE" value="eq32&apos;hXXXX_XXXX"/>
        <Option Id="COMPARE_VALUE.0" value="eq32&apos;hXXXX_XXXX"/>
        <Option Id="DISPLAY_HINT" value=""/>
        <Option Id="DISPLAY_VISIBILITY" value=""/>
        <Option Id="HW_ILA" value="hw_ila_1"/>
        <Option Id="MAP" value="probe2[31:0]"/>
        <Option Id="NAME.CUSTOM" value=""/>
        <Option Id="NAME.SELECT" value="Long"/>
        <Option Id="SOURCE" value="netlist"/>
        <Option Id="TRIGGER_COMPARE_VALUE" value="eq32&apos;hXXXX_XXXX"/>
      </probeOptions>
      <nets>
        <net name="RISCV/Memory/data[0]_482[31]"/>
        <net name="RISCV/Memory/data[0]_482[30]"/>
        <net name="RISCV/Memory/data[0]_482[29]"/>
        <net name="RISCV/Memory/data[0]_482[28]"/>
        <net name="RISCV/Memory/data[0]_482[27]"/>
        <net name="RISCV/Memory/data[0]_482[26]"/>
        <net name="RISCV/Memory/data[0]_482[25]"/>
        <net name="RISCV/Memory/data[0]_482[24]"/>
        <net name="RISCV/Memory/data[0]_482[23]"/>
        <net name="RISCV/Memory/data[0]_482[22]"/>
        <net name="RISCV/Memory/data[0]_482[21]"/>
        <net name="RISCV/Memory/data[0]_482[20]"/>
        <net name="RISCV/Memory/data[0]_482[19]"/>
        <net name="RISCV/Memory/data[0]_482[18]"/>
        <net name="RISCV/Memory/data[0]_482[17]"/>
        <net name="RISCV/Memory/data[0]_482[16]"/>
        <net name="RISCV/Memory/data[0]_482[15]"/>
        <net name="RISCV/Memory/data[0]_482[14]"/>
        <net name="RISCV/Memory/data[0]_482[13]"/>
        <net name="RISCV/Memory/data[0]_482[12]"/>
        <net name="RISCV/Memory/data[0]_482[11]"/>
        <net name="RISCV/Memory/data[0]_482[10]"/>
        <net name="RISCV/Memory/data[0]_482[9]"/>
        <net name="RISCV/Memory/data[0]_482[8]"/>
        <net name="RISCV/Memory/data[0]_482[7]"/>
        <net name="RISCV/Memory/data[0]_482[6]"/>
        <net name="RISCV/Memory/data[0]_482[5]"/>
        <net name="RISCV/Memory/data[0]_482[4]"/>
        <net name="RISCV/Memory/data[0]_482[3]"/>
        <net name="RISCV/Memory/data[0]_482[2]"/>
        <net name="RISCV/Memory/data[0]_482[1]"/>
        <net name="RISCV/Memory/data[0]_482[0]"/>
      </nets>
    </probe>
    <probe type="ila" busType="net" source="netlist" spec="ILA_V2_RT">
      <probeOptions Id="DebugProbeParams">
        <Option Id="CAPTURE_COMPARE_VALUE" value="eq32&apos;hXXXX_XXXX"/>
        <Option Id="COMPARE_VALUE.0" value="eq32&apos;hXXXX_XXXX"/>
        <Option Id="DISPLAY_HINT" value=""/>
        <Option Id="DISPLAY_VISIBILITY" value=""/>
        <Option Id="HW_ILA" value="hw_ila_1"/>
        <Option Id="MAP" value="probe0[31:0]"/>
        <Option Id="NAME.CUSTOM" value=""/>
        <Option Id="NAME.SELECT" value="Long"/>
        <Option Id="SOURCE" value="netlist"/>
        <Option Id="TRIGGER_COMPARE_VALUE" value="eq32&apos;hXXXX_XXXX"/>
      </probeOptions>
      <nets>
        <net name="RISCV/Memory/data[0]_601[31]"/>
        <net name="RISCV/Memory/data[0]_601[30]"/>
        <net name="RISCV/Memory/data[0]_601[29]"/>
        <net name="RISCV/Memory/data[0]_601[28]"/>
        <net name="RISCV/Memory/data[0]_601[27]"/>
        <net name="RISCV/Memory/data[0]_601[26]"/>
        <net name="RISCV/Memory/data[0]_601[25]"/>
        <net name="RISCV/Memory/data[0]_601[24]"/>
        <net name="RISCV/Memory/data[0]_601[23]"/>
        <net name="RISCV/Memory/data[0]_601[22]"/>
        <net name="RISCV/Memory/data[0]_601[21]"/>
        <net name="RISCV/Memory/data[0]_601[20]"/>
        <net name="RISCV/Memory/data[0]_601[19]"/>
        <net name="RISCV/Memory/data[0]_601[18]"/>
        <net name="RISCV/Memory/data[0]_601[17]"/>
        <net name="RISCV/Memory/data[0]_601[16]"/>
        <net name="RISCV/Memory/data[0]_601[15]"/>
        <net name="RISCV/Memory/data[0]_601[14]"/>
        <net name="RISCV/Memory/data[0]_601[13]"/>
        <net name="RISCV/Memory/data[0]_601[12]"/>
        <net name="RISCV/Memory/data[0]_601[11]"/>
        <net name="RISCV/Memory/data[0]_601[10]"/>
        <net name="RISCV/Memory/data[0]_601[9]"/>
        <net name="RISCV/Memory/data[0]_601[8]"/>
        <net name="RISCV/Memory/data[0]_601[7]"/>
        <net name="RISCV/Memory/data[0]_601[6]"/>
        <net name="RISCV/Memory/data[0]_601[5]"/>
        <net name="RISCV/Memory/data[0]_601[4]"/>
        <net name="RISCV/Memory/data[0]_601[3]"/>
        <net name="RISCV/Memory/data[0]_601[2]"/>
        <net name="RISCV/Memory/data[0]_601[1]"/>
        <net name="RISCV/Memory/data[0]_601[0]"/>
      </nets>
    </probe>
    <probe type="ila" busType="net" source="netlist" spec="ILA_V2_RT">
      <probeOptions Id="DebugProbeParams">
        <Option Id="CAPTURE_COMPARE_VALUE" value="eq32&apos;hXXXX_XXXX"/>
        <Option Id="COMPARE_VALUE.0" value="eq32&apos;hXXXX_XXXX"/>
        <Option Id="DISPLAY_HINT" value=""/>
        <Option Id="DISPLAY_VISIBILITY" value=""/>
        <Option Id="HW_ILA" value="hw_ila_1"/>
        <Option Id="MAP" value="probe2[31:0]"/>
        <Option Id="NAME.CUSTOM" value=""/>
        <Option Id="NAME.SELECT" value="Long"/>
        <Option Id="SOURCE" value="netlist"/>
        <Option Id="TRIGGER_COMPARE_VALUE" value="eq32&apos;hXXXX_XXXX"/>
      </probeOptions>
      <nets>
        <net name="RISCV/Memory/data[0]_602[31]"/>
        <net name="RISCV/Memory/data[0]_602[30]"/>
        <net name="RISCV/Memory/data[0]_602[29]"/>
        <net name="RISCV/Memory/data[0]_602[28]"/>
        <net name="RISCV/Memory/data[0]_602[27]"/>
        <net name="RISCV/Memory/data[0]_602[26]"/>
        <net name="RISCV/Memory/data[0]_602[25]"/>
        <net name="RISCV/Memory/data[0]_602[24]"/>
        <net name="RISCV/Memory/data[0]_602[23]"/>
        <net name="RISCV/Memory/data[0]_602[22]"/>
        <net name="RISCV/Memory/data[0]_602[21]"/>
        <net name="RISCV/Memory/data[0]_602[20]"/>
        <net name="RISCV/Memory/data[0]_602[19]"/>
        <net name="RISCV/Memory/data[0]_602[18]"/>
        <net name="RISCV/Memory/data[0]_602[17]"/>
        <net name="RISCV/Memory/data[0]_602[16]"/>
        <net name="RISCV/Memory/data[0]_602[15]"/>
        <net name="RISCV/Memory/data[0]_602[14]"/>
        <net name="RISCV/Memory/data[0]_602[13]"/>
        <net name="RISCV/Memory/data[0]_602[12]"/>
        <net name="RISCV/Memory/data[0]_602[11]"/>
        <net name="RISCV/Memory/data[0]_602[10]"/>
        <net name="RISCV/Memory/data[0]_602[9]"/>
        <net name="RISCV/Memory/data[0]_602[8]"/>
        <net name="RISCV/Memory/data[0]_602[7]"/>
        <net name="RISCV/Memory/data[0]_602[6]"/>
        <net name="RISCV/Memory/data[0]_602[5]"/>
        <net name="RISCV/Memory/data[0]_602[4]"/>
        <net name="RISCV/Memory/data[0]_602[3]"/>
        <net name="RISCV/Memory/data[0]_602[2]"/>
        <net name="RISCV/Memory/data[0]_602[1]"/>
        <net name="RISCV/Memory/data[0]_602[0]"/>
      </nets>
    </probe>
    <probe type="ila" busType="bus" source="netlist" spec="ILA_V2_RT">
      <probeOptions Id="DebugProbeParams">
        <Option Id="CAPTURE_COMPARE_VALUE" value="eq32&apos;hXXXX_XXXX"/>
        <Option Id="COMPARE_VALUE.0" value="eq32&apos;hXXXX_XXXX"/>
        <Option Id="DISPLAY_HINT" value=""/>
        <Option Id="DISPLAY_VISIBILITY" value=""/>
        <Option Id="HW_ILA" value="hw_ila_1"/>
        <Option Id="MAP" value="probe1[31:0]"/>
        <Option Id="NAME.CUSTOM" value=""/>
        <Option Id="NAME.SELECT" value="Long"/>
        <Option Id="SOURCE" value="netlist"/>
        <Option Id="TRIGGER_COMPARE_VALUE" value="eq32&apos;hXXXX_XXXX"/>
      </probeOptions>
      <nets>
        <net name="RISCV/Memory/data[1]_483[31]"/>
        <net name="RISCV/Memory/data[1]_483[30]"/>
        <net name="RISCV/Memory/data[1]_483[29]"/>
        <net name="RISCV/Memory/data[1]_483[28]"/>
        <net name="RISCV/Memory/data[1]_483[27]"/>
        <net name="RISCV/Memory/data[1]_483[26]"/>
        <net name="RISCV/Memory/data[1]_483[25]"/>
        <net name="RISCV/Memory/data[1]_483[24]"/>
        <net name="RISCV/Memory/data[1]_483[23]"/>
        <net name="RISCV/Memory/data[1]_483[22]"/>
        <net name="RISCV/Memory/data[1]_483[21]"/>
        <net name="RISCV/Memory/data[1]_483[20]"/>
        <net name="RISCV/Memory/data[1]_483[19]"/>
        <net name="RISCV/Memory/data[1]_483[18]"/>
        <net name="RISCV/Memory/data[1]_483[17]"/>
        <net name="RISCV/Memory/data[1]_483[16]"/>
        <net name="RISCV/Memory/data[1]_483[15]"/>
        <net name="RISCV/Memory/data[1]_483[14]"/>
        <net name="RISCV/Memory/data[1]_483[13]"/>
        <net name="RISCV/Memory/data[1]_483[12]"/>
        <net name="RISCV/Memory/data[1]_483[11]"/>
        <net name="RISCV/Memory/data[1]_483[10]"/>
        <net name="RISCV/Memory/data[1]_483[9]"/>
        <net name="RISCV/Memory/data[1]_483[8]"/>
        <net name="RISCV/Memory/data[1]_483[7]"/>
        <net name="RISCV/Memory/data[1]_483[6]"/>
        <net name="RISCV/Memory/data[1]_483[5]"/>
        <net name="RISCV/Memory/data[1]_483[4]"/>
        <net name="RISCV/Memory/data[1]_483[3]"/>
        <net name="RISCV/Memory/data[1]_483[2]"/>
        <net name="RISCV/Memory/data[1]_483[1]"/>
        <net name="RISCV/Memory/data[1]_483[0]"/>
      </nets>
    </probe>
    <probe type="ila" busType="net" source="netlist" spec="ILA_V2_RT">
      <probeOptions Id="DebugProbeParams">
        <Option Id="CAPTURE_COMPARE_VALUE" value="eq32&apos;hXXXX_XXXX"/>
        <Option Id="COMPARE_VALUE.0" value="eq32&apos;hXXXX_XXXX"/>
        <Option Id="DISPLAY_HINT" value=""/>
        <Option Id="DISPLAY_VISIBILITY" value=""/>
        <Option Id="HW_ILA" value="hw_ila_1"/>
        <Option Id="MAP" value="probe2[31:0]"/>
        <Option Id="NAME.CUSTOM" value=""/>
        <Option Id="NAME.SELECT" value="Long"/>
        <Option Id="SOURCE" value="netlist"/>
        <Option Id="TRIGGER_COMPARE_VALUE" value="eq32&apos;hXXXX_XXXX"/>
      </probeOptions>
      <nets>
        <net name="RISCV/Memory/data[1]_602[31]"/>
        <net name="RISCV/Memory/data[1]_602[30]"/>
        <net name="RISCV/Memory/data[1]_602[29]"/>
        <net name="RISCV/Memory/data[1]_602[28]"/>
        <net name="RISCV/Memory/data[1]_602[27]"/>
        <net name="RISCV/Memory/data[1]_602[26]"/>
        <net name="RISCV/Memory/data[1]_602[25]"/>
        <net name="RISCV/Memory/data[1]_602[24]"/>
        <net name="RISCV/Memory/data[1]_602[23]"/>
        <net name="RISCV/Memory/data[1]_602[22]"/>
        <net name="RISCV/Memory/data[1]_602[21]"/>
        <net name="RISCV/Memory/data[1]_602[20]"/>
        <net name="RISCV/Memory/data[1]_602[19]"/>
        <net name="RISCV/Memory/data[1]_602[18]"/>
        <net name="RISCV/Memory/data[1]_602[17]"/>
        <net name="RISCV/Memory/data[1]_602[16]"/>
        <net name="RISCV/Memory/data[1]_602[15]"/>
        <net name="RISCV/Memory/data[1]_602[14]"/>
        <net name="RISCV/Memory/data[1]_602[13]"/>
        <net name="RISCV/Memory/data[1]_602[12]"/>
        <net name="RISCV/Memory/data[1]_602[11]"/>
        <net name="RISCV/Memory/data[1]_602[10]"/>
        <net name="RISCV/Memory/data[1]_602[9]"/>
        <net name="RISCV/Memory/data[1]_602[8]"/>
        <net name="RISCV/Memory/data[1]_602[7]"/>
        <net name="RISCV/Memory/data[1]_602[6]"/>
        <net name="RISCV/Memory/data[1]_602[5]"/>
        <net name="RISCV/Memory/data[1]_602[4]"/>
        <net name="RISCV/Memory/data[1]_602[3]"/>
        <net name="RISCV/Memory/data[1]_602[2]"/>
        <net name="RISCV/Memory/data[1]_602[1]"/>
        <net name="RISCV/Memory/data[1]_602[0]"/>
      </nets>
    </probe>
    <probe type="ila" busType="net" source="netlist" spec="ILA_V2_RT">
      <probeOptions Id="DebugProbeParams">
        <Option Id="CAPTURE_COMPARE_VALUE" value="eq32&apos;hXXXX_XXXX"/>
        <Option Id="COMPARE_VALUE.0" value="eq32&apos;hXXXX_XXXX"/>
        <Option Id="DISPLAY_HINT" value=""/>
        <Option Id="DISPLAY_VISIBILITY" value=""/>
        <Option Id="HW_ILA" value="hw_ila_1"/>
        <Option Id="MAP" value="probe1[31:0]"/>
        <Option Id="NAME.CUSTOM" value=""/>
        <Option Id="NAME.SELECT" value="Long"/>
        <Option Id="SOURCE" value="netlist"/>
        <Option Id="TRIGGER_COMPARE_VALUE" value="eq32&apos;hXXXX_XXXX"/>
      </probeOptions>
      <nets>
        <net name="RISCV/Memory/data[1]_603[31]"/>
        <net name="RISCV/Memory/data[1]_603[30]"/>
        <net name="RISCV/Memory/data[1]_603[29]"/>
        <net name="RISCV/Memory/data[1]_603[28]"/>
        <net name="RISCV/Memory/data[1]_603[27]"/>
        <net name="RISCV/Memory/data[1]_603[26]"/>
        <net name="RISCV/Memory/data[1]_603[25]"/>
        <net name="RISCV/Memory/data[1]_603[24]"/>
        <net name="RISCV/Memory/data[1]_603[23]"/>
        <net name="RISCV/Memory/data[1]_603[22]"/>
        <net name="RISCV/Memory/data[1]_603[21]"/>
        <net name="RISCV/Memory/data[1]_603[20]"/>
        <net name="RISCV/Memory/data[1]_603[19]"/>
        <net name="RISCV/Memory/data[1]_603[18]"/>
        <net name="RISCV/Memory/data[1]_603[17]"/>
        <net name="RISCV/Memory/data[1]_603[16]"/>
        <net name="RISCV/Memory/data[1]_603[15]"/>
        <net name="RISCV/Memory/data[1]_603[14]"/>
        <net name="RISCV/Memory/data[1]_603[13]"/>
        <net name="RISCV/Memory/data[1]_603[12]"/>
        <net name="RISCV/Memory/data[1]_603[11]"/>
        <net name="RISCV/Memory/data[1]_603[10]"/>
        <net name="RISCV/Memory/data[1]_603[9]"/>
        <net name="RISCV/Memory/data[1]_603[8]"/>
        <net name="RISCV/Memory/data[1]_603[7]"/>
        <net name="RISCV/Memory/data[1]_603[6]"/>
        <net name="RISCV/Memory/data[1]_603[5]"/>
        <net name="RISCV/Memory/data[1]_603[4]"/>
        <net name="RISCV/Memory/data[1]_603[3]"/>
        <net name="RISCV/Memory/data[1]_603[2]"/>
        <net name="RISCV/Memory/data[1]_603[1]"/>
        <net name="RISCV/Memory/data[1]_603[0]"/>
      </nets>
    </probe>
    <probe type="ila" busType="net" source="netlist" spec="ILA_V2_RT">
      <probeOptions Id="DebugProbeParams">
        <Option Id="CAPTURE_COMPARE_VALUE" value="eq32&apos;hXXXX_XXXX"/>
        <Option Id="COMPARE_VALUE.0" value="eq32&apos;h0000_000A"/>
        <Option Id="DISPLAY_HINT" value=""/>
        <Option Id="DISPLAY_VISIBILITY" value=""/>
        <Option Id="HW_ILA" value="hw_ila_1"/>
        <Option Id="MAP" value="probe1[31:0]"/>
        <Option Id="NAME.CUSTOM" value=""/>
        <Option Id="NAME.SELECT" value="Long"/>
        <Option Id="SOURCE" value="netlist"/>
        <Option Id="TRIGGER_COMPARE_VALUE" value="eq32&apos;h0000_000A"/>
      </probeOptions>
      <nets>
        <net name="RISCV/Memory/data[1]_604[31]"/>
        <net name="RISCV/Memory/data[1]_604[30]"/>
        <net name="RISCV/Memory/data[1]_604[29]"/>
        <net name="RISCV/Memory/data[1]_604[28]"/>
        <net name="RISCV/Memory/data[1]_604[27]"/>
        <net name="RISCV/Memory/data[1]_604[26]"/>
        <net name="RISCV/Memory/data[1]_604[25]"/>
        <net name="RISCV/Memory/data[1]_604[24]"/>
        <net name="RISCV/Memory/data[1]_604[23]"/>
        <net name="RISCV/Memory/data[1]_604[22]"/>
        <net name="RISCV/Memory/data[1]_604[21]"/>
        <net name="RISCV/Memory/data[1]_604[20]"/>
        <net name="RISCV/Memory/data[1]_604[19]"/>
        <net name="RISCV/Memory/data[1]_604[18]"/>
        <net name="RISCV/Memory/data[1]_604[17]"/>
        <net name="RISCV/Memory/data[1]_604[16]"/>
        <net name="RISCV/Memory/data[1]_604[15]"/>
        <net name="RISCV/Memory/data[1]_604[14]"/>
        <net name="RISCV/Memory/data[1]_604[13]"/>
        <net name="RISCV/Memory/data[1]_604[12]"/>
        <net name="RISCV/Memory/data[1]_604[11]"/>
        <net name="RISCV/Memory/data[1]_604[10]"/>
        <net name="RISCV/Memory/data[1]_604[9]"/>
        <net name="RISCV/Memory/data[1]_604[8]"/>
        <net name="RISCV/Memory/data[1]_604[7]"/>
        <net name="RISCV/Memory/data[1]_604[6]"/>
        <net name="RISCV/Memory/data[1]_604[5]"/>
        <net name="RISCV/Memory/data[1]_604[4]"/>
        <net name="RISCV/Memory/data[1]_604[3]"/>
        <net name="RISCV/Memory/data[1]_604[2]"/>
        <net name="RISCV/Memory/data[1]_604[1]"/>
        <net name="RISCV/Memory/data[1]_604[0]"/>
      </nets>
    </probe>
    <probe type="ila" busType="net" source="netlist" spec="ILA_V2_RT">
      <probeOptions Id="DebugProbeParams">
        <Option Id="CAPTURE_COMPARE_VALUE" value="eq32&apos;hXXXX_XXXX"/>
        <Option Id="COMPARE_VALUE.0" value="eq32&apos;hXXXX_XXXX"/>
        <Option Id="DISPLAY_HINT" value=""/>
        <Option Id="DISPLAY_VISIBILITY" value=""/>
        <Option Id="HW_ILA" value="hw_ila_1"/>
        <Option Id="MAP" value="probe2[31:0]"/>
        <Option Id="NAME.CUSTOM" value=""/>
        <Option Id="NAME.SELECT" value="Long"/>
        <Option Id="SOURCE" value="netlist"/>
        <Option Id="TRIGGER_COMPARE_VALUE" value="eq32&apos;hXXXX_XXXX"/>
      </probeOptions>
      <nets>
        <net name="RISCV/Memory/data[2]_364[31]"/>
        <net name="RISCV/Memory/data[2]_364[30]"/>
        <net name="RISCV/Memory/data[2]_364[29]"/>
        <net name="RISCV/Memory/data[2]_364[28]"/>
        <net name="RISCV/Memory/data[2]_364[27]"/>
        <net name="RISCV/Memory/data[2]_364[26]"/>
        <net name="RISCV/Memory/data[2]_364[25]"/>
        <net name="RISCV/Memory/data[2]_364[24]"/>
        <net name="RISCV/Memory/data[2]_364[23]"/>
        <net name="RISCV/Memory/data[2]_364[22]"/>
        <net name="RISCV/Memory/data[2]_364[21]"/>
        <net name="RISCV/Memory/data[2]_364[20]"/>
        <net name="RISCV/Memory/data[2]_364[19]"/>
        <net name="RISCV/Memory/data[2]_364[18]"/>
        <net name="RISCV/Memory/data[2]_364[17]"/>
        <net name="RISCV/Memory/data[2]_364[16]"/>
        <net name="RISCV/Memory/data[2]_364[15]"/>
        <net name="RISCV/Memory/data[2]_364[14]"/>
        <net name="RISCV/Memory/data[2]_364[13]"/>
        <net name="RISCV/Memory/data[2]_364[12]"/>
        <net name="RISCV/Memory/data[2]_364[11]"/>
        <net name="RISCV/Memory/data[2]_364[10]"/>
        <net name="RISCV/Memory/data[2]_364[9]"/>
        <net name="RISCV/Memory/data[2]_364[8]"/>
        <net name="RISCV/Memory/data[2]_364[7]"/>
        <net name="RISCV/Memory/data[2]_364[6]"/>
        <net name="RISCV/Memory/data[2]_364[5]"/>
        <net name="RISCV/Memory/data[2]_364[4]"/>
        <net name="RISCV/Memory/data[2]_364[3]"/>
        <net name="RISCV/Memory/data[2]_364[2]"/>
        <net name="RISCV/Memory/data[2]_364[1]"/>
        <net name="RISCV/Memory/data[2]_364[0]"/>
      </nets>
    </probe>
    <probe type="ila" busType="bus" source="netlist" spec="ILA_V2_RT">
      <probeOptions Id="DebugProbeParams">
        <Option Id="CAPTURE_COMPARE_VALUE" value="eq32&apos;hXXXX_XXXX"/>
        <Option Id="COMPARE_VALUE.0" value="eq32&apos;hXXXX_XXXX"/>
        <Option Id="DISPLAY_HINT" value=""/>
        <Option Id="DISPLAY_VISIBILITY" value=""/>
        <Option Id="HW_ILA" value="hw_ila_1"/>
        <Option Id="MAP" value="probe0[31:0]"/>
        <Option Id="NAME.CUSTOM" value=""/>
        <Option Id="NAME.SELECT" value="Long"/>
        <Option Id="SOURCE" value="netlist"/>
        <Option Id="TRIGGER_COMPARE_VALUE" value="eq32&apos;hXXXX_XXXX"/>
      </probeOptions>
      <nets>
        <net name="RISCV/Memory/data[2]_484[31]"/>
        <net name="RISCV/Memory/data[2]_484[30]"/>
        <net name="RISCV/Memory/data[2]_484[29]"/>
        <net name="RISCV/Memory/data[2]_484[28]"/>
        <net name="RISCV/Memory/data[2]_484[27]"/>
        <net name="RISCV/Memory/data[2]_484[26]"/>
        <net name="RISCV/Memory/data[2]_484[25]"/>
        <net name="RISCV/Memory/data[2]_484[24]"/>
        <net name="RISCV/Memory/data[2]_484[23]"/>
        <net name="RISCV/Memory/data[2]_484[22]"/>
        <net name="RISCV/Memory/data[2]_484[21]"/>
        <net name="RISCV/Memory/data[2]_484[20]"/>
        <net name="RISCV/Memory/data[2]_484[19]"/>
        <net name="RISCV/Memory/data[2]_484[18]"/>
        <net name="RISCV/Memory/data[2]_484[17]"/>
        <net name="RISCV/Memory/data[2]_484[16]"/>
        <net name="RISCV/Memory/data[2]_484[15]"/>
        <net name="RISCV/Memory/data[2]_484[14]"/>
        <net name="RISCV/Memory/data[2]_484[13]"/>
        <net name="RISCV/Memory/data[2]_484[12]"/>
        <net name="RISCV/Memory/data[2]_484[11]"/>
        <net name="RISCV/Memory/data[2]_484[10]"/>
        <net name="RISCV/Memory/data[2]_484[9]"/>
        <net name="RISCV/Memory/data[2]_484[8]"/>
        <net name="RISCV/Memory/data[2]_484[7]"/>
        <net name="RISCV/Memory/data[2]_484[6]"/>
        <net name="RISCV/Memory/data[2]_484[5]"/>
        <net name="RISCV/Memory/data[2]_484[4]"/>
        <net name="RISCV/Memory/data[2]_484[3]"/>
        <net name="RISCV/Memory/data[2]_484[2]"/>
        <net name="RISCV/Memory/data[2]_484[1]"/>
        <net name="RISCV/Memory/data[2]_484[0]"/>
      </nets>
    </probe>
    <probe type="ila" busType="net" source="netlist" spec="ILA_V2_RT">
      <probeOptions Id="DebugProbeParams">
        <Option Id="CAPTURE_COMPARE_VALUE" value="eq32&apos;hXXXX_XXXX"/>
        <Option Id="COMPARE_VALUE.0" value="eq32&apos;hXXXX_XXXX"/>
        <Option Id="DISPLAY_HINT" value=""/>
        <Option Id="DISPLAY_VISIBILITY" value=""/>
        <Option Id="HW_ILA" value="hw_ila_1"/>
        <Option Id="MAP" value="probe1[31:0]"/>
        <Option Id="NAME.CUSTOM" value=""/>
        <Option Id="NAME.SELECT" value="Long"/>
        <Option Id="SOURCE" value="netlist"/>
        <Option Id="TRIGGER_COMPARE_VALUE" value="eq32&apos;hXXXX_XXXX"/>
      </probeOptions>
      <nets>
        <net name="RISCV/Memory/data[2]_603[31]"/>
        <net name="RISCV/Memory/data[2]_603[30]"/>
        <net name="RISCV/Memory/data[2]_603[29]"/>
        <net name="RISCV/Memory/data[2]_603[28]"/>
        <net name="RISCV/Memory/data[2]_603[27]"/>
        <net name="RISCV/Memory/data[2]_603[26]"/>
        <net name="RISCV/Memory/data[2]_603[25]"/>
        <net name="RISCV/Memory/data[2]_603[24]"/>
        <net name="RISCV/Memory/data[2]_603[23]"/>
        <net name="RISCV/Memory/data[2]_603[22]"/>
        <net name="RISCV/Memory/data[2]_603[21]"/>
        <net name="RISCV/Memory/data[2]_603[20]"/>
        <net name="RISCV/Memory/data[2]_603[19]"/>
        <net name="RISCV/Memory/data[2]_603[18]"/>
        <net name="RISCV/Memory/data[2]_603[17]"/>
        <net name="RISCV/Memory/data[2]_603[16]"/>
        <net name="RISCV/Memory/data[2]_603[15]"/>
        <net name="RISCV/Memory/data[2]_603[14]"/>
        <net name="RISCV/Memory/data[2]_603[13]"/>
        <net name="RISCV/Memory/data[2]_603[12]"/>
        <net name="RISCV/Memory/data[2]_603[11]"/>
        <net name="RISCV/Memory/data[2]_603[10]"/>
        <net name="RISCV/Memory/data[2]_603[9]"/>
        <net name="RISCV/Memory/data[2]_603[8]"/>
        <net name="RISCV/Memory/data[2]_603[7]"/>
        <net name="RISCV/Memory/data[2]_603[6]"/>
        <net name="RISCV/Memory/data[2]_603[5]"/>
        <net name="RISCV/Memory/data[2]_603[4]"/>
        <net name="RISCV/Memory/data[2]_603[3]"/>
        <net name="RISCV/Memory/data[2]_603[2]"/>
        <net name="RISCV/Memory/data[2]_603[1]"/>
        <net name="RISCV/Memory/data[2]_603[0]"/>
      </nets>
    </probe>
    <probe type="ila" busType="net" source="netlist" spec="ILA_V2_RT">
      <probeOptions Id="DebugProbeParams">
        <Option Id="CAPTURE_COMPARE_VALUE" value="eq32&apos;hXXXX_XXXX"/>
        <Option Id="COMPARE_VALUE.0" value="eq32&apos;hXXXX_XXXX"/>
        <Option Id="DISPLAY_HINT" value=""/>
        <Option Id="DISPLAY_VISIBILITY" value=""/>
        <Option Id="HW_ILA" value="hw_ila_1"/>
        <Option Id="MAP" value="probe0[31:0]"/>
        <Option Id="NAME.CUSTOM" value=""/>
        <Option Id="NAME.SELECT" value="Long"/>
        <Option Id="SOURCE" value="netlist"/>
        <Option Id="TRIGGER_COMPARE_VALUE" value="eq32&apos;hXXXX_XXXX"/>
      </probeOptions>
      <nets>
        <net name="RISCV/Memory/data[2]_604[31]"/>
        <net name="RISCV/Memory/data[2]_604[30]"/>
        <net name="RISCV/Memory/data[2]_604[29]"/>
        <net name="RISCV/Memory/data[2]_604[28]"/>
        <net name="RISCV/Memory/data[2]_604[27]"/>
        <net name="RISCV/Memory/data[2]_604[26]"/>
        <net name="RISCV/Memory/data[2]_604[25]"/>
        <net name="RISCV/Memory/data[2]_604[24]"/>
        <net name="RISCV/Memory/data[2]_604[23]"/>
        <net name="RISCV/Memory/data[2]_604[22]"/>
        <net name="RISCV/Memory/data[2]_604[21]"/>
        <net name="RISCV/Memory/data[2]_604[20]"/>
        <net name="RISCV/Memory/data[2]_604[19]"/>
        <net name="RISCV/Memory/data[2]_604[18]"/>
        <net name="RISCV/Memory/data[2]_604[17]"/>
        <net name="RISCV/Memory/data[2]_604[16]"/>
        <net name="RISCV/Memory/data[2]_604[15]"/>
        <net name="RISCV/Memory/data[2]_604[14]"/>
        <net name="RISCV/Memory/data[2]_604[13]"/>
        <net name="RISCV/Memory/data[2]_604[12]"/>
        <net name="RISCV/Memory/data[2]_604[11]"/>
        <net name="RISCV/Memory/data[2]_604[10]"/>
        <net name="RISCV/Memory/data[2]_604[9]"/>
        <net name="RISCV/Memory/data[2]_604[8]"/>
        <net name="RISCV/Memory/data[2]_604[7]"/>
        <net name="RISCV/Memory/data[2]_604[6]"/>
        <net name="RISCV/Memory/data[2]_604[5]"/>
        <net name="RISCV/Memory/data[2]_604[4]"/>
        <net name="RISCV/Memory/data[2]_604[3]"/>
        <net name="RISCV/Memory/data[2]_604[2]"/>
        <net name="RISCV/Memory/data[2]_604[1]"/>
        <net name="RISCV/Memory/data[2]_604[0]"/>
      </nets>
    </probe>
    <probe type="ila" busType="net" source="netlist" spec="ILA_V2_RT">
      <probeOptions Id="DebugProbeParams">
        <Option Id="CAPTURE_COMPARE_VALUE" value="eq1&apos;bX"/>
        <Option Id="COMPARE_VALUE.0" value="eq1&apos;bF"/>
        <Option Id="DISPLAY_HINT" value=""/>
        <Option Id="DISPLAY_VISIBILITY" value=""/>
        <Option Id="HW_ILA" value="hw_ila_1"/>
        <Option Id="MAP" value="probe3[0]"/>
        <Option Id="NAME.CUSTOM" value=""/>
        <Option Id="NAME.SELECT" value="Long"/>
        <Option Id="SOURCE" value="netlist"/>
        <Option Id="TRIGGER_COMPARE_VALUE" value="eq1&apos;bF"/>
      </probeOptions>
      <nets>
        <net name="reset_IBUF"/>
      </nets>
    </probe>
  </probeset>
</hwsession>
