<?xml version="1.0" encoding="UTF-8"?>
<GenRun Id="impl_3" LaunchPart="xc7z010clg400-1" LaunchTime="1490860898">
  <File Type="OPT-DCP" Name="RISCV_SoC_opt.dcp"/>
  <File Type="ROUTE-STATUS-PB" Name="RISCV_SoC_route_status.pb"/>
  <File Type="PA-TCL" Name="RISCV_SoC.tcl"/>
  <File Type="RDI-RDI" Name="RISCV_SoC.vdi"/>
  <File Type="PWROPT-DRC" Name="RISCV_SoC_drc_pwropted.rpt"/>
  <File Type="OPT-METHODOLOGY-DRC" Name="RISCV_SoC_methodology_drc_opted.rpt"/>
  <File Type="INIT-TIMING" Name="RISCV_SoC_timing_summary_init.rpt"/>
  <File Type="OPT-DRC" Name="RISCV_SoC_drc_opted.rpt"/>
  <File Type="PWROPT-DCP" Name="RISCV_SoC_pwropt.dcp"/>
  <File Type="OPT-HWDEF" Name="RISCV_SoC.hwdef"/>
  <File Type="OPT-TIMING" Name="RISCV_SoC_timing_summary_opted.rpt"/>
  <File Type="PWROPT-TIMING" Name="RISCV_SoC_timing_summary_pwropted.rpt"/>
  <File Type="PLACE-DCP" Name="RISCV_SoC_placed.dcp"/>
  <File Type="PLACE-IO" Name="RISCV_SoC_io_placed.rpt"/>
  <File Type="PLACE-CLK" Name="RISCV_SoC_clock_utilization_placed.rpt"/>
  <File Type="PLACE-UTIL" Name="RISCV_SoC_utilization_placed.rpt"/>
  <File Type="PLACE-UTIL-PB" Name="RISCV_SoC_utilization_placed.pb"/>
  <File Type="PLACE-CTRL" Name="RISCV_SoC_control_sets_placed.rpt"/>
  <File Type="PLACE-SIMILARITY" Name="RISCV_SoC_incremental_reuse_placed.rpt"/>
  <File Type="PLACE-PRE-SIMILARITY" Name="RISCV_SoC_incremental_reuse_pre_placed.rpt"/>
  <File Type="PLACE-TIMING" Name="RISCV_SoC_timing_summary_placed.rpt"/>
  <File Type="POSTPLACE-PWROPT-DCP" Name="RISCV_SoC_postplace_pwropt.dcp"/>
  <File Type="POSTPLACE-PWROPT-TIMING" Name="RISCV_SoC_timing_summary_postplace_pwropted.rpt"/>
  <File Type="PHYSOPT-DCP" Name="RISCV_SoC_physopt.dcp"/>
  <File Type="PHYSOPT-DRC" Name="RISCV_SoC_drc_physopted.rpt"/>
  <File Type="PHYSOPT-TIMING" Name="RISCV_SoC_timing_summary_physopted.rpt"/>
  <File Type="ROUTE-DCP" Name="RISCV_SoC_routed.dcp"/>
  <File Type="ROUTE-BLACKBOX-DCP" Name="RISCV_SoC_routed_bb.dcp"/>
  <File Type="ROUTE-DRC" Name="RISCV_SoC_drc_routed.rpt"/>
  <File Type="ROUTE-DRC-PB" Name="RISCV_SoC_drc_routed.pb"/>
  <File Type="ROUTE-METHODOLOGY-DRC" Name="RISCV_SoC_methodology_drc_routed.rpt"/>
  <File Type="BG-BIT" Name="RISCV_SoC.bit"/>
  <File Type="ROUTE-METHODOLOGY-DRC-PB" Name="RISCV_SoC_methodology_drc_routed.pb"/>
  <File Type="ROUTE-PWR" Name="RISCV_SoC_power_routed.rpt"/>
  <File Type="ROUTE-PWR-SUM" Name="RISCV_SoC_power_summary_routed.pb"/>
  <File Type="ROUTE-PWR-RPX" Name="RISCV_SoC_power_routed.rpx"/>
  <File Type="ROUTE-STATUS" Name="RISCV_SoC_route_status.rpt"/>
  <File Type="ROUTE-TIMINGSUMMARY" Name="RISCV_SoC_timing_summary_routed.rpt"/>
  <File Type="ROUTE-TIMING-PB" Name="RISCV_SoC_timing_summary_routed.pb"/>
  <File Type="ROUTE-TIMING-RPX" Name="RISCV_SoC_timing_summary_routed.rpx"/>
  <File Type="ROUTE-SIMILARITY" Name="RISCV_SoC_incremental_reuse_routed.rpt"/>
  <File Type="ROUTE-CLK" Name="RISCV_SoC_clock_utilization_routed.rpt"/>
  <File Type="POSTROUTE-PHYSOPT-DCP" Name="RISCV_SoC_postroute_physopt.dcp"/>
  <File Type="POSTROUTE-PHYSOPT-BLACKBOX-DCP" Name="RISCV_SoC_postroute_physopt_bb.dcp"/>
  <File Type="POSTROUTE-PHYSOPT-TIMING" Name="RISCV_SoC_timing_summary_postroute_physopted.rpt"/>
  <File Type="POSTROUTE-PHYSOPT-TIMING-PB" Name="RISCV_SoC_timing_summary_postroute_physopted.pb"/>
  <File Type="POSTROUTE-PHYSOPT-TIMING-RPX" Name="RISCV_SoC_timing_summary_postroute_physopted.rpx"/>
  <File Type="BG-BIN" Name="RISCV_SoC.bin"/>
  <File Type="BITSTR-MSK" Name="RISCV_SoC.msk"/>
  <File Type="BITSTR-RBT" Name="RISCV_SoC.rbt"/>
  <File Type="BITSTR-NKY" Name="RISCV_SoC.nky"/>
  <File Type="BITSTR-BMM" Name="RISCV_SoC_bd.bmm"/>
  <File Type="BITSTR-MMI" Name="RISCV_SoC.mmi"/>
  <File Type="BITSTR-SYSDEF" Name="RISCV_SoC.sysdef"/>
  <File Type="BG-BGN" Name="RISCV_SoC.bgn"/>
  <File Type="BG-DRC" Name="RISCV_SoC.drc"/>
  <File Type="WBT-USG" Name="usage_statistics_webtalk.html"/>
  <FileSet Name="sources" Type="DesignSrcs" RelSrcDir="$PSRCDIR/sources_1">
    <Filter Type="Srcs"/>
    <File Path="$PSRCDIR/sources_1/imports/main/rs_bypass_mux.v">
      <FileInfo>
        <Attr Name="ImportPath" Val="$PPRDIR/../../../../Desktop/riscv_src/main/rs_bypass_mux.v"/>
        <Attr Name="ImportTime" Val="1486573494"/>
        <Attr Name="UsedIn" Val="synthesis"/>
        <Attr Name="UsedIn" Val="implementation"/>
        <Attr Name="UsedIn" Val="simulation"/>
      </FileInfo>
    </File>
    <File Path="$PSRCDIR/sources_1/imports/main/reg_write_mux.v">
      <FileInfo>
        <Attr Name="ImportPath" Val="$PPRDIR/../../../../Desktop/riscv_src/main/reg_write_mux.v"/>
        <Attr Name="ImportTime" Val="1486573494"/>
        <Attr Name="UsedIn" Val="synthesis"/>
        <Attr Name="UsedIn" Val="implementation"/>
        <Attr Name="UsedIn" Val="simulation"/>
      </FileInfo>
    </File>
    <File Path="$PSRCDIR/sources_1/imports/main/RegFile.v">
      <FileInfo>
        <Attr Name="ImportPath" Val="$PPRDIR/../../../../Desktop/riscv_src/main/RegFile.v"/>
        <Attr Name="ImportTime" Val="1486573494"/>
        <Attr Name="UsedIn" Val="synthesis"/>
        <Attr Name="UsedIn" Val="implementation"/>
        <Attr Name="UsedIn" Val="simulation"/>
      </FileInfo>
    </File>
    <File Path="$PSRCDIR/sources_1/imports/main/PC_Stall_Decode.v">
      <FileInfo>
        <Attr Name="ImportPath" Val="$PPRDIR/../../../../Desktop/riscv_src/main/PC_Stall_Decode.v"/>
        <Attr Name="ImportTime" Val="1490365432"/>
        <Attr Name="UsedIn" Val="synthesis"/>
        <Attr Name="UsedIn" Val="implementation"/>
        <Attr Name="UsedIn" Val="simulation"/>
      </FileInfo>
    </File>
    <File Path="$PSRCDIR/sources_1/imports/main/pc_mux.v">
      <FileInfo>
        <Attr Name="ImportPath" Val="$PPRDIR/../../../../Desktop/riscv_src/main/pc_mux.v"/>
        <Attr Name="ImportTime" Val="1490367147"/>
        <Attr Name="UsedIn" Val="synthesis"/>
        <Attr Name="UsedIn" Val="implementation"/>
        <Attr Name="UsedIn" Val="simulation"/>
      </FileInfo>
    </File>
    <File Path="$PSRCDIR/sources_1/imports/main/pc.v">
      <FileInfo>
        <Attr Name="ImportPath" Val="$PPRDIR/../../../../Desktop/riscv_src/main/pc.v"/>
        <Attr Name="ImportTime" Val="1486573494"/>
        <Attr Name="UsedIn" Val="synthesis"/>
        <Attr Name="UsedIn" Val="implementation"/>
        <Attr Name="UsedIn" Val="simulation"/>
      </FileInfo>
    </File>
    <File Path="$PSRCDIR/sources_1/imports/main/jmp_br_mux.v">
      <FileInfo>
        <Attr Name="ImportPath" Val="$PPRDIR/../../../../Desktop/riscv_src/main/jmp_br_mux.v"/>
        <Attr Name="ImportTime" Val="1486573494"/>
        <Attr Name="UsedIn" Val="synthesis"/>
        <Attr Name="UsedIn" Val="implementation"/>
        <Attr Name="UsedIn" Val="simulation"/>
      </FileInfo>
    </File>
    <File Path="$PSRCDIR/sources_1/imports/main/jmp_br_jalr_mux.v">
      <FileInfo>
        <Attr Name="ImportPath" Val="$PPRDIR/../../../../Desktop/riscv_src/main/jmp_br_jalr_mux.v"/>
        <Attr Name="ImportTime" Val="1486573494"/>
        <Attr Name="UsedIn" Val="synthesis"/>
        <Attr Name="UsedIn" Val="implementation"/>
        <Attr Name="UsedIn" Val="simulation"/>
      </FileInfo>
    </File>
    <File Path="$PSRCDIR/sources_1/imports/main/IR_Skip_Mux.v">
      <FileInfo>
        <Attr Name="ImportPath" Val="$PPRDIR/../../../../Desktop/riscv_src/main/IR_Skip_Mux.v"/>
        <Attr Name="ImportTime" Val="1487577292"/>
        <Attr Name="UsedIn" Val="synthesis"/>
        <Attr Name="UsedIn" Val="implementation"/>
        <Attr Name="UsedIn" Val="simulation"/>
      </FileInfo>
    </File>
    <File Path="$PSRCDIR/sources_1/imports/main/IR.v">
      <FileInfo>
        <Attr Name="ImportPath" Val="$PPRDIR/../../../../Desktop/riscv_src/main/IR.v"/>
        <Attr Name="ImportTime" Val="1486573494"/>
        <Attr Name="UsedIn" Val="synthesis"/>
        <Attr Name="UsedIn" Val="implementation"/>
        <Attr Name="UsedIn" Val="simulation"/>
      </FileInfo>
    </File>
    <File Path="$PSRCDIR/sources_1/imports/main/imm_ext.v">
      <FileInfo>
        <Attr Name="ImportPath" Val="$PPRDIR/../../../../Desktop/riscv_src/main/imm_ext.v"/>
        <Attr Name="ImportTime" Val="1486573494"/>
        <Attr Name="UsedIn" Val="synthesis"/>
        <Attr Name="UsedIn" Val="implementation"/>
        <Attr Name="UsedIn" Val="simulation"/>
      </FileInfo>
    </File>
    <File Path="$PSRCDIR/sources_1/imports/main/Decorder.v">
      <FileInfo>
        <Attr Name="ImportPath" Val="$PPRDIR/../../../../Desktop/riscv_src/main/Decorder.v"/>
        <Attr Name="ImportTime" Val="1490422293"/>
        <Attr Name="UsedIn" Val="synthesis"/>
        <Attr Name="UsedIn" Val="implementation"/>
        <Attr Name="UsedIn" Val="simulation"/>
      </FileInfo>
    </File>
    <File Path="$PSRCDIR/sources_1/imports/main/ByPassBridge.v">
      <FileInfo>
        <Attr Name="ImportPath" Val="$PPRDIR/../../../../Desktop/riscv_src/main/ByPassBridge.v"/>
        <Attr Name="ImportTime" Val="1486573494"/>
        <Attr Name="UsedIn" Val="synthesis"/>
        <Attr Name="UsedIn" Val="implementation"/>
        <Attr Name="UsedIn" Val="simulation"/>
      </FileInfo>
    </File>
    <File Path="$PSRCDIR/sources_1/imports/main/branch_check.v">
      <FileInfo>
        <Attr Name="ImportPath" Val="$PPRDIR/../../../../Desktop/riscv_src/main/branch_check.v"/>
        <Attr Name="ImportTime" Val="1487746850"/>
        <Attr Name="UsedIn" Val="synthesis"/>
        <Attr Name="UsedIn" Val="implementation"/>
        <Attr Name="UsedIn" Val="simulation"/>
      </FileInfo>
    </File>
    <File Path="$PSRCDIR/sources_1/imports/main/alu_rs2_mux.v">
      <FileInfo>
        <Attr Name="ImportPath" Val="$PPRDIR/../../../../Desktop/riscv_src/main/alu_rs2_mux.v"/>
        <Attr Name="ImportTime" Val="1486573494"/>
        <Attr Name="UsedIn" Val="synthesis"/>
        <Attr Name="UsedIn" Val="implementation"/>
        <Attr Name="UsedIn" Val="simulation"/>
      </FileInfo>
    </File>
    <File Path="$PSRCDIR/sources_1/imports/main/alu_rs1_mux.v">
      <FileInfo>
        <Attr Name="ImportPath" Val="$PPRDIR/../../../../Desktop/riscv_src/main/alu_rs1_mux.v"/>
        <Attr Name="ImportTime" Val="1486573494"/>
        <Attr Name="UsedIn" Val="synthesis"/>
        <Attr Name="UsedIn" Val="implementation"/>
        <Attr Name="UsedIn" Val="simulation"/>
      </FileInfo>
    </File>
    <File Path="$PSRCDIR/sources_1/imports/main/ALU.v">
      <FileInfo>
        <Attr Name="ImportPath" Val="$PPRDIR/../../../../Desktop/riscv_src/main/ALU.v"/>
        <Attr Name="ImportTime" Val="1486573494"/>
        <Attr Name="UsedIn" Val="synthesis"/>
        <Attr Name="UsedIn" Val="implementation"/>
        <Attr Name="UsedIn" Val="simulation"/>
      </FileInfo>
    </File>
    <File Path="$PSRCDIR/sources_1/imports/main/OnChipMemory.v">
      <FileInfo>
        <Attr Name="ImportPath" Val="$PPRDIR/../../../../Desktop/riscv_src/main/OnChipMemory.v"/>
        <Attr Name="ImportTime" Val="1490595205"/>
        <Attr Name="UsedIn" Val="synthesis"/>
        <Attr Name="UsedIn" Val="implementation"/>
        <Attr Name="UsedIn" Val="simulation"/>
      </FileInfo>
    </File>
    <File Path="$PSRCDIR/sources_1/imports/main/uart.v">
      <FileInfo>
        <Attr Name="ImportPath" Val="$PPRDIR/../../../../Desktop/riscv_src/main/uart.v"/>
        <Attr Name="ImportTime" Val="1490271184"/>
        <Attr Name="UsedIn" Val="synthesis"/>
        <Attr Name="UsedIn" Val="implementation"/>
        <Attr Name="UsedIn" Val="simulation"/>
      </FileInfo>
    </File>
    <File Path="$PSRCDIR/sources_1/imports/main/core.v">
      <FileInfo>
        <Attr Name="ImportPath" Val="$PPRDIR/../../../../Desktop/riscv_src/main/core.v"/>
        <Attr Name="ImportTime" Val="1490365548"/>
        <Attr Name="UsedIn" Val="synthesis"/>
        <Attr Name="UsedIn" Val="implementation"/>
        <Attr Name="UsedIn" Val="simulation"/>
      </FileInfo>
    </File>
    <File Path="$PSRCDIR/sources_1/imports/main/bootloader.v">
      <FileInfo>
        <Attr Name="ImportPath" Val="$PPRDIR/../../../../Desktop/riscv_src/main/bootloader.v"/>
        <Attr Name="ImportTime" Val="1490349885"/>
        <Attr Name="UsedIn" Val="synthesis"/>
        <Attr Name="UsedIn" Val="implementation"/>
        <Attr Name="UsedIn" Val="simulation"/>
      </FileInfo>
    </File>
    <File Path="$PSRCDIR/sources_1/imports/main/Top_RISC.v">
      <FileInfo>
        <Attr Name="ImportPath" Val="$PPRDIR/../../../../Desktop/riscv_src/main/Top_RISC.v"/>
        <Attr Name="ImportTime" Val="1490372169"/>
        <Attr Name="UsedIn" Val="synthesis"/>
        <Attr Name="UsedIn" Val="implementation"/>
        <Attr Name="UsedIn" Val="simulation"/>
      </FileInfo>
    </File>
    <File Path="$PSRCDIR/sources_1/imports/main/Bootloader_top.v">
      <FileInfo>
        <Attr Name="ImportPath" Val="$PPRDIR/../../../../Desktop/riscv_src/main/Bootloader_top.v"/>
        <Attr Name="ImportTime" Val="1490349375"/>
        <Attr Name="UsedIn" Val="synthesis"/>
        <Attr Name="UsedIn" Val="implementation"/>
        <Attr Name="UsedIn" Val="simulation"/>
      </FileInfo>
    </File>
    <File Path="$PSRCDIR/sources_1/imports/main/RISCV_SoC.v">
      <FileInfo>
        <Attr Name="ImportPath" Val="$PPRDIR/../../../../Desktop/riscv_src/main/RISCV_SoC.v"/>
        <Attr Name="ImportTime" Val="1490349417"/>
        <Attr Name="UsedIn" Val="synthesis"/>
        <Attr Name="UsedIn" Val="implementation"/>
        <Attr Name="UsedIn" Val="simulation"/>
      </FileInfo>
    </File>
    <File Path="$PSRCDIR/sources_1/imports/main/PC4.v">
      <FileInfo>
        <Attr Name="AutoDisabled" Val="1"/>
        <Attr Name="ImportPath" Val="$PPRDIR/../../../../Desktop/riscv_src/main/PC4.v"/>
        <Attr Name="ImportTime" Val="1486573494"/>
        <Attr Name="UsedIn" Val="synthesis"/>
        <Attr Name="UsedIn" Val="implementation"/>
        <Attr Name="UsedIn" Val="simulation"/>
      </FileInfo>
    </File>
    <Config>
      <Option Name="DesignMode" Val="RTL"/>
      <Option Name="TopModule" Val="RISCV_SoC"/>
      <Option Name="TopAutoSet" Val="TRUE"/>
    </Config>
  </FileSet>
  <FileSet Name="constrs_in" Type="Constrs" RelSrcDir="$PSRCDIR/constrs_1">
    <Filter Type="Constrs"/>
    <File Path="$PSRCDIR/constrs_1/new/riscv_soc_constrs.xdc">
      <FileInfo>
        <Attr Name="ImportPath" Val="$PPRDIR/../../riscv_SoC/riscv_SoC.srcs/constrs_1/new/riscv_soc_constrs.xdc"/>
        <Attr Name="ImportTime" Val="1490859069"/>
        <Attr Name="UsedIn" Val="synthesis"/>
        <Attr Name="UsedIn" Val="implementation"/>
      </FileInfo>
    </File>
    <Config>
      <Option Name="TargetConstrsFile" Val="$PSRCDIR/constrs_1/new/riscv_soc_constrs.xdc"/>
      <Option Name="ConstrsType" Val="XDC"/>
    </Config>
  </FileSet>
  <Strategy Version="1" Minor="2">
    <StratHandle Name="Vivado Implementation Defaults" Flow="Vivado Implementation 2016"/>
    <Step Id="init_design"/>
    <Step Id="opt_design"/>
    <Step Id="power_opt_design"/>
    <Step Id="place_design"/>
    <Step Id="post_place_power_opt_design"/>
    <Step Id="phys_opt_design"/>
    <Step Id="route_design"/>
    <Step Id="post_route_phys_opt_design"/>
    <Step Id="write_bitstream"/>
  </Strategy>
  <BlockFileSet Type="BlockSrcs" Name="clk_wiz_0"/>
</GenRun>
